Category,Fact
ajalugu,"1960NDATENI KASUTATI RASEDUSTESTINA AAFRIKA KANNUSKONNA – TEMA KEHASSE SÜSTITI NAISTERAHVA URIINI JA KUI KONNAL 12 TUNNI JOOKSUL OVULATSIOON ALGAS, TÄHENDAS SEE, ET NAINE ON RASE."
ajalugu,"2015.A SUVI ON 1 SEKUNDI VÕRRA PIKEM – 30. JUUNIL VASTU 1. JUULIT LISATAKSE KOORDINEERITUD MAAILMAAJALE 1 LIIGSEKUND, ET KORRIGEERIDA MAA PÖÖRLEMISE AEGLUSTUMISEST TULENEVAT AJANIHET. 1972.A ALATES ON LISATUD 25 LIIGSEKUNDIT."
ajalugu,TÄNASE KUSTUTUSKUMMI EELKÄIJATEKS ON LEIB JA SAI – 18. SAJANDI TEISE POOLENI KASUTATI KIRJUTISTE JA JOONISTUSTE KORRIGEERIMISEKS NIISUTATUD LEIVA- JA SAIAPURU KUULIKESI.
ajalugu,KUULUS VENE POEET A. PUŠKIN PIDAS OMA ELUAJAL 29 DUELLI VIIMASE NEIST PIDAS TA OMA NAISE PÄRAST JA SAI SELLES SURMAVALT HAAVATA
ajalugu,"1960NDATEL KASUTAS CIA VENEMAA SAATKONDADE JA KREMLI SALALUUREKS KASSE, KELLE KEHASSE PAIGUTATI AKUSID, MIKROFONE JA ANTENNE. OPERATSIOONI KOODNIMEKS OLI ACOUSTIC KITTY."
ajalugu,"CECIL CHUBB OLI VIIMANE INIMENE, KELLE OMANDUSSE KUULUS STONEHENGE. MEES OSTIS SELLE 1915.A NING OSTUSUMMAKS OLI TÄNASES KONTEKSTIS UMBES 800 000 DOLLARIT. BBC ANDMETEL KINKIS CHUBB AJALOOMÄLESTISE OMA NAISELE, KES SELLEST AGA ERILISES VAIMUSTUSES EI OLNUD. KOLM AASTAT HILJEM ANNETAS MEES STONHENGE`I INGLISMAALE."
ajalugu,"AUSTRAALIA LINN MELBOURNE ON LÄBI AJALOO KANDNUD MITMEID NIMESID – MUUHULGAS KA BATMANIA, MAADEUURIJA JOHN BATMANI JÄRGI."
ajalugu,NIKE TÄHENDAB VÕITU VANA-KREEKA KEELES.
ajalugu,KESKAJAL ALUSTATI POISSLAPSE RÜÜTLIKS TREENIMIST 7 AASTA VANUSELT.
ajalugu,"VANAS KREEKAS ARVATI, ET PUNAPEAD MUUTUVAD VAMPIIRIDEKS PEALE SURMA."
ajalugu,ENNE HÕÕGLAMBI LEIUTAMIST MAGASID INIMESED KESKMISELT 10 TUNDI ÖÖPÄEVAS.
ajalugu,HAAKRIST OLI KUNAGI HEA ÕNNE SÜMBOL.
ajalugu,SAKSA ALKEEMIK HENNING BRAND AVASTAS FOSFORI ÜRITADES OMA URIINIST KULDA TEHA.
ajalugu,SHAKESPEARE OLI ESIMENE KES KASUTAS VÄLJENDIT: „ KÕIK EI OLE KULD MIS HIILGAB“.
ajalugu,"NSV LIIT SAATIS 1959. AASTAL KUULE RAKETI NIMEGA MECHTA, MIS AGA LENDAS KUUST MÖÖDA JA SAI HOOPIS ESIMESEKS INIMESE POOLT LOODUD TEHISKAASLASEKS PÄIKESELE."
ajalugu,AMEERIKA PRESIDENT GERALD FORD ON AINUS KES ON OLNUD NII PRESIDENT KUI ASEPRESIDENT ILMA KANDIDEERIMATA.
ajalugu,"JAAPANI LENNUKID, MIS RÜNDASID PEARL HARBORIT, OLID TOODETUD MITSUBISHI POOLT."
ajalugu,"AMEERIKA PRESIDENT JEFFERSON VIHKAS FORMAALSUSI NIIVÄGA, ET VÕTTIS TIHTIPEALE OMA KÜLALISI ÖÖRIIETES VASTU."
ajalugu,"KESKMISE SÕRME NÄITAMINE ON PÄRIT VANAST-KREEKAST KUS SEDA KASUTATI ANAAL VAHEKORRA SÜMBOLINA. SELLE EESMÄRK OLI HALVUSTADA, HIRMUTADA JA HEIDUTADA INIMEST KELLELE SEDA NÄIDATI."
ajalugu,"IIDSED ROOMLASED KASUTASID RIKNENUD URIINI SUUVEENA, SEST URIINIS LEIDUV HAPE TOIMIS HAMBAVALGENDAJANA."
ajalugu,1894 AASTAL PÄÄSTIS ÜKS PREESTER 4 AASTASE POISI UPPUMAST. SEE POISS OLI ADOLF HITLER.
ajalugu,VANAS ROOMAS PURUSTATI VÄGISTANUD MEESTE MUNANDID KAHE KIVI VAHEL.
ajalugu,VANAS ROOMAS OLID PUNAPÄISED ORJAD KÕIGE VÄÄRTUSLIKUMAD.
ajalugu,ADIDASE LOOJA OLI ENDINE NATS ADOLF DASSLER. ADI OLI TEMA HÜÜDNIMI JA DAS PEREKONNANIME KOLM ESIMEST TÄHTE.
ajalugu,KESKAJAL ANTI LASTELE HOMMIKUSÖÖGI KÕRVALE ÕLUT.
ajalugu,FILMI TITANIC TEGEMINE MAKSIS ROHKEM KUI LAEV ISE.
ajalugu,PRANTSUSE KUNINGAL LOUIS XIV’L OLI 40 ISIKLIKKU PARUKAMEISTRIT JA ÜLE TUHANDE PARUKA.
ajalugu,MAAILMA NOORIMAD LAPSEVANEMAD OLID 8- JA 9- AASTASED JA NAD ELASID HIINAS AASTAL 1910.
ajalugu,"PIRAADID KASUTASID IMELIKKE HÜÜDNIMESID, ET TAKISTADA SEADUSAMETNIKEL NENDE PEREKONDADE TEADASAAMIST."
ajalugu,KESKAJAL PÕLETATI JAANIPÄEVAL KESKVÄLJAKUL ELUSAID KASSE.
ajalugu,LEONARDO DA VINCI VEETIS 12 AASTAT MAALIDES MONA LISA HUULI.
ajalugu,"BRUCE LEE OLI NII KIIRE, ET MÕNIKORD TULI FILMI NÄITAMISEL AEGLUSTADA."
ajalugu,NOORIM PAAVST OLI 11 AASTAT VANA.
ajalugu,IIDSED EGIPTLASED MAGASID KIVIDEST TEHTUD PATJADEL.
ajalugu,HITLER TEGI ESIMESE SUITSETAMISE VASTASE KAMPAANIA NATSI SAKSAMAAL.
ajalugu,"VANAS PÄRSIAS PEETI KÕIKI DEBATTE KAKS KORDA: KORD PURJUS JA KORD KAINENA. KUI IDEE KÕLAS HÄSTI MÕLEMAS OLEKUS, SIIS OLI SEE JÄRELIKULT HEA IDEE."
faktid-autode-kohta,KÕIK MERCEDESE 6.3 V8 MOOTORID ON KÄISTIS KOKKU PANDUD JA NEID TESTITAKSE 4 TUNDI DYNO-PINGIL ENNE KASUTUSELE VÕTMIST
faktid-autode-kohta,ESIMESE DIISELMOOTORIGA AUTO TOOTID MERCEDES-BENZ 1936. AASTAL
faktid-autode-kohta,TEISE MAAILMASÕJA AJAL OLID 30 000 TÖÖTAJAT BMW TEHASTES ORJATÖÖLISED
faktid-autode-kohta,ESIMENE BMW AUTO LÄKS MÜÜGI 1929. AASTAL
faktid-autode-kohta,2009. AASTAL TOOTIS BMW UMBES 1 400 000 SÕIDUKIT.
faktid-autode-kohta,"MINI, ROLLS ROYCE JA HUSQVARNA KUULUVAD BMW’LE."
faktid-autode-kohta,ESIMENE BMW MOOTORRATAS ANTI VÄLJA 1923. AASTAL
faktid-autode-kohta,BMW LOODI 1916. AASTAL
faktid-autode-kohta,"BMW ELAS TEISE MAAILMASÕJA ÜLE TÄNU POTTIDE, PANNIDE, LABITADE JA JALGRATASTE TOOTMISELE."
faktid-autode-kohta,KESKMINE AUTOJUHT VANNUB 30 000 KORDA AUTOGA SÕITES OMA ELU JOOKSUL.
faktid-autode-kohta,USA’S SAAB ZEBRAL TEED ÜLETADES ROHKEM INIMESI SURMA KUI VALEL KOHAL TEED ÜLETADES.
faktid-autode-kohta,USA’S SUREB LIIKLUSÕNNETUSES INIMENE KESKMISELT IGA 12 MINUTI TAGANT.
faktid-autode-kohta,"HITLER TELLIS VOLKSWAGENILT RAHVAAUTO, MILLEST ON SAANUD IKOONILINE PÕRNIKAS. IROONILISELT OLI SELLE ALGNE DISAINER JUUT."
faktid-autode-kohta,AUTO KÜTUSEPAAGI LIIGA TÄIS PANEMINE TEKITAB PIKEMAS PERSPEKTIIVIS KÜTUSEPAAGILE KAHJU.
faktid-autode-kohta,"KESKMISEL AUTOTOOJAL KULUB 25 TUNDI AUTO EHITAMISEKS, MILLEST 10 TUNDI KULUB VÄRVIMISELE."
faktid-autode-kohta,USA’S ON KESKMISELT KÄIBEL ÜKS AUTO INIMESE KOHTA.
faktid-autode-kohta,AUTOJUHID TAPAVAD ROHKEM KITSESID KUI JAHIMEHED.
faktid-autode-kohta,16% AUTOOMANIKEST EI PESE KUNAGI OMA AUTOT.
faktid-autode-kohta,AUTO TURVAPADJAD TAPAVAD KESKMISELT ÜHE INIMESE 22 PÄÄSTETU KOHTA.
faktid-autode-kohta,LÕUNA-AAFRIKAS ON UUELE BMW’LE VÕIMALIK TELLIDA ALLA 700 DOLLARI EEST LEEGIHEITJAT. LISAVARUSTUSE EESMÄRGIKS ON AUTOVARASTE PELETAMINE
faktid-autode-kohta,PAGANI ZONDAL ON SAMA ARMATUURI PÕHI NAGU LANCIA CITY CAR’L
faktid-autode-kohta,"ORIGINAALNE FORD GT OLI NII TUGEVA RAAMIGA, ET KATUSE ÕNNETUSE SIMULEERIMISEL LÕHKUS SEE SIMULATSIOONIMASINA"
faktid-autode-kohta,SHANGHAIS ON PUNAST VÄRVI AUTOD KEELATUD
faktid-autode-kohta,ESIMENE AUTORAADIO VÕETI KASUTUSELE 1929. AASTAL
faktid-autode-kohta,MAAILMA KÕIGE KALLIM AUTO MÜÜDI HINNAGA 87 000 000 DOLLARIT. SELLEKS OLI 1931.A. BUGATTI ROYALE KELLNER COUPE
faktid-autode-kohta,KOJAMEHED AUTOLE LEIUTAS NAISTERAHVAS
faktid-autode-kohta,TURVAPADI TÄITUB ÕHUGA VAID 40 MILLISEKUNDI JOOKSUL
faktid-autode-kohta,1924. AASTAL MAKSIS FORD AUTO 265 DOLLARIT
faktid-autode-kohta,"AUTO TURVAPADI VÄLJUB LIGIKAUDU 4500 MPH, JÕUGA 200 G’D"
faktid-autode-kohta,ESIMENE AUTO KINDLUSTUSPOLIIS VÄLJASTATI 1897. AASTAL
faktid-autode-kohta,ESIMENE AUTOÕNNETUS MAAILMAS JUHTUS 1769. AASTAL
faktid-autode-kohta,"ESIMENE OMAL JÕUL LIIKUVA AUTO VALMISTAS 1769. AASTAL NICOLAS CUGNOT, SELLE TIPPKIIRUS OLI 6 KM/H"
faktid-autode-kohta,ESIMESTEL AUTODEL EI OLNUD ROOLI. SUUNA MUUTMISEKS OLI VAID KANG
faktid-autode-kohta,ESIMESE AUTO „LEIUTAS“ 1672. AASTAL FERDINAND VERBIEST
faktid-autode-kohta,"AUTO SIGNALISATSIOONI PULTI KÕRVA ÄÄRES HOIDES KAHEKORDISTUB SELLE MÕJU ULATUS, SEST INIMKOLJU TÖÖTAB VÕIMENDINA"
faktid-autode-kohta,AASTAS TOODETAKSE LIGI 60 000 000 AUTOT – LIGIKAUDU 165 000 AUTOT PÄEVAS
faktid-autode-kohta,TÄNAPÄEVANE F1 AUTO OLEKS VÕIMELINE CA. 200 KM/H JUURES LAES SÕITMA TÄNU OMA AERODÜNAAMIKALE
faktid-autode-kohta,JAAPANIS PEAVAD ÜLE 75. AASTASED INIMESED KANDMA EAKA AUTOJUHI MÄRKI HOIATAMAKS TEISI AUTOJUHTE
faktid-autode-kohta,AUTO ON MAAILMAS ENIM TAASKÄIDELDUD TOODE
faktid-autode-kohta,90% AUTOJUHTIDEST LAULAVAD ROOLI TAGA OLLES
faktid-autode-kohta,"TOYOTA TOODAB PÄEVAS KUNI 13 000 AUTOT, OLLES SEEJUURES MAAILMA SUURIM AUTOTOOTJA"
faktid-autode-kohta,FERRARI TOODAB MAKSIMAALSELT 14 AUTOT PÄEVAS
faktid-autode-kohta,KÕIGE ROHKEM ROLLS ROYCE INIMESE KOHTA ON HONG KONGIS
faktid-autode-kohta,KÕIGE SUUREM TRAHV KIIRUSE ÜLETAMISE EEST ON VÄLJA ANTUD ŠWEITSIS. KIIRUSEKS OLI 180 MPH JA TRAHVISUMMA 1 000 000 DOLLARIT
faktid-autode-kohta,"MAAILMA VANIM, SIIANI TOIMIV AUTO EHITATI 1884. AASTAL"
faktid-autode-kohta,"NASCAR VÕISTLUSTE JUURED ULATUVAD USA ALKOHOLIKEELU AEGADESSE KUI ALKOHOLI VEDAJAD “TUUNISID” OMA AUTOSID, ET POLITSEI EEST PÕGENEDA"
faktid-autode-kohta,"ASFALTEERITUD TEED VÕETI KASUTUSELE JALGRATTURITE, MITTE AUTODE JAOKS"
faktid-autode-kohta,1927. AASTAL VÕETI KASUTUSELE ESIMENE ELEKTROONILINE VALGUSFOOR
faktid-autode-kohta,ESIMENE TRAHV KIIRUSE ÜLETAMISE EEST VÄLJASTATI 1902. AASTAL
faktid-autode-kohta,ROLLS ROYCE’I KAPOTI ORNAMENDI NIMI ON “SPIRIT OF ECSTASY”
faktid-autode-kohta,"Väikseim sõiduauto maailmas on Peel P50, mis ehitati 1962. aastal Inglismaal. Selle sõiduki pikkus on 1,34 m, laius 99 cm ja kõrgus 1,34 m. Auto kaalub 59 kg."
faktid-eesti-kohta,EESTI MAISMAAPIIRI PIKKUS ON 633 KM
faktid-eesti-kohta,"EESTI ON KAZAA, SKYPE’I JA HOTMAIL’I KODUMAA"
faktid-eesti-kohta,"INIMKULTUURI AJALUGU EESTIS SAI ALGUSE MESOLIITIKUMI AJASTUL, EHK SIISKIVIAJAL ÜLE 10 000 AASTA TAGASI"
faktid-eesti-kohta,EESTI TERRITOORIUM ON 45227 KM2
faktid-eesti-kohta,EESTIS ON 1521 SAART
foobiad,AEROAKROFOOBIA – HIRM AVATUD KÕRGETE KOHTADE EES
foobiad,"AERONAUSIFOOBIA – HIRM, ET HAKKAD LENNUKIS OKSENDAMA"
foobiad,AFEFOOBIA – HIRM PUUDUTUSTE EES
foobiad,AGLIOFOOBIA – HIRM VALU EES
foobiad,"AGORAFOOBIA – HIRM AVATUD, SUURTE RUUMIDE VÕI VÄLJAKUTE, KA RAHVAROHKETE KOHTADE EES, NEID ÜLETADA. KARTUS LAHTUDE “TURVALISTEST” PAIKADEST"
foobiad,AGRAFOOBIA – HIRM SEKSUAALSE KURITARVITUSE EES
foobiad,AGRIZOOFOOBIA – HIRM METSLOOMADE EES
foobiad,AGÜROFOOBIA – HIRM TÄNAVATE VÕI TÄNAVA ÜLETAMISE EES
foobiad,AHLUOFOOBIA – HIRM PIMEDUSE EES
foobiad,AIHMOFOOBIA – HIRM TERAVATE VÕI TERARIISTADE EES
foobiad,"AILUROFOOBIA, AILORFOOBIA, AELUROFOOBIA – HIRM KASSIDE EES"
foobiad,AKAROFOOBIA – HIRM SÜGELEMISE VÕI SEDA PÕHJUSTAVATE PUTUKATE EES
foobiad,AKROFOOBIA – KÕRGUSEKARTUS
foobiad,AKUSTIKOFOOBIA – HIRM LÄRMI EES
foobiad,AKVAFOOBIA – HIRM VEE EES
foobiad,ALBUMINUROFOOBIA – HIRM NEERUHAIGUSTE EES
foobiad,ALEKTOROFOOBIA – HIRM TIBUDE EES
foobiad,ALGOFOOBIA – HIRM VALU EES
foobiad,ALLIUMFOOBIA – HIRM KÜÜSLAUGU EES
foobiad,ALLODOKSAFOOBIA – HIRM HINNANGUTE EES
foobiad,ALTOFOOBIA – HIRM KÕRGUSTE EES
foobiad,AMATHOFOOBIA – HIRM TOLMU EES
foobiad,AMAKSOFOOBIA – HIRM AUTOSÕIDU EES
foobiad,AMBULOFOOBIA – HIRM KÄIA
foobiad,AMNESIOFOOBIA – HIRM MÄLUKAOTUSE EES
foobiad,AMÜHHOFOOBIA – HIRM KRIIMUSTADA SAAMISE EES
foobiad,ANABLEFOOBIA – HIRM ÜLESVAATAMISE EES
foobiad,ANDROFOOBIA – HIRM MEESTE EES
foobiad,"ANEMOFOOBIA, ANKRAOFOOBIA – HIRM (TÕMBE)TUULE EES"
foobiad,ANGINOFOOBIA – HIRM (SÜDAME)ATAKI VÕI INSULDI EES
foobiad,"ANGLOFOOBIA – HIRM INGLISMAA, INGLASTE VÕI MUU SÄÄRASE EES"
foobiad,ANGROFOOBIA – HIRM VIHALEMINEKU EES
foobiad,ANKÜLOFOOBIA – HIRM LIIGESTE LIIKUMATUSE EES
foobiad,"ANTLOFOOBIA – HIRM TULVA – VÕI TÕUSUVEE, VÕI ÜLEUJUTUSE EES"
foobiad,"ANTOFOOBIA, ANTROFOOBIA – HIRM LILLEDE EES"
foobiad,ANTROPOFOOBIA – HIRM INIMESTE VÕI ÜHISKONNA EES
foobiad,ANUPTAFOOBIA – HIRM ÜKSIJÄÄMISE EES
foobiad,APEIROFOOBIA – HIRM LÕPMATUSE EES
foobiad,"APIFOOBIA, APIOFOOBIA – HIRM MESILASTE EES"
foobiad,APOTEMNOFOOBIA – HIRM AMPUTEERITUD JÄSEME(TE)GA INIMESTE EES
foobiad,ARAHHIBUTÜROFOOBIA – HIRM PÄHKLIVÕI SUULAKKE KLEEPUMISE EES
foobiad,"ARAHNEFOOBIA, ARAHNOFOOBIA – HIRM ÄMBLIKE EES"
foobiad,ARHENOFOOBIA – HIRM MEESTE EES
foobiad,ARITMOFOOBIA – HIRM NUMBRITE EES
foobiad,ARSONOFOOBIA – HIRM TULEDE EES
foobiad,ASTENOFOOBIA – HIRM MINESTAMISE VÕI NÕRKUSE EES
foobiad,"ASTRAFOOBIA, ASTRAPOFOOBIA – HIRM PIKSELÖÖGI JA -MÜRINA EES"
foobiad,ASTROFOOBIA – HIRM TÄHTEDE (VÕI KA TEISTE TAEVAKEHADE) EES
foobiad,ASÜMMETROFOOBIA – HIRM ASÜMMEETRILISTE OBJEKTIDE EES
foobiad,ATAKSIOFOOBIA – HIRM ATAKSIA (LIHASTE KOORDINEERIMATUD LIIGUTUSED) EES
foobiad,ATAKSOFOOBIA – HIRM KORRATUSE EES
foobiad,ATELOFOOBIA – HIRM EBATÄIUSLIKKUSE EES
foobiad,ATEFOOBIA – HIRM KOKKUVARISEMISE VÕI VAREMETE EES
foobiad,ATASAGORAFOOBIA – HIRM SAADA UNUSTATUD VÕI IGNOREERITUD
foobiad,ATOMOSOFOOBIA – HIRM TUUMAPLAHVATUSTE EES
foobiad,ATSEROFOOBIA – HIRM HAPU MAITSE EES
foobiad,ATÜHHIFOOBIA – HIRM EBAÕNNESTUMISE EES
foobiad,AULOFOOBIA – HIRM FLÖÖTIDE EES
foobiad,AUROFOOBIA – HIRM KULLA EES
foobiad,AURORAFOOBIA – HIRM VIRMALISTE EES
foobiad,AUTODÜSOMOFOOBIA – HIRM “HALVA KUULSUSEGA” INIMESTE EES
foobiad,AUTOFOOBIA – KARTUS OLLA ÜKSI
foobiad,"AUTOMATONOFOOBIA – HIRM “ELAVAID MATKIVATE” KUJUDE EES (NT. VAHAKUJUD, KÕHURÄÄKIJATE NUKUD, MULTIFILMIDE TEGELASED)"
foobiad,AUTOMÜSOFOOBIA – HIRM RÄPASEKS SAADA
foobiad,"AVIATOFOOBIA, AVIOFOOBIA – HIRM LENDAMISE EES"
foobiad,BAKTERIOFOOBIA – HIRM BAKTERITE EES
foobiad,BALLISTOFOOBIA – HIRM RAKETTIDE VÕI KUULIDE EES
foobiad,BATSILLOFOOBIA – HIRM MIKROOBIDE EES
foobiad,"BAROFOOBIA – HIRM GRAVITATSIOONI, RASKUSJÕU EES"
foobiad,"BASIFOOBIA, BASOFOOBIA – VÕIMETUS SEISTA, HIRM KÕNDIMISE VÕI KUKKUMISE EES"
foobiad,BATOFOOBIA – HIRM SÜGAVUSE EES
foobiad,BATOFOOBIA 2 – HIRM KÕRGUSE VÕI KÕRGETE EHITUSTE LÄHEDUSE EES
foobiad,"BATRAHHOFOOBIA – HIRM KAHEPAIKSETE EES, NAGU KONNAD, SALAMANDRID, VESILIKUD JA TRIITONID"
foobiad,BELONEFOOBIA – HIRM NÖÖP – JA MUIDU NÕELTE EES
foobiad,BIBLIOFOOBIA – HIRM RAAMATUTE EES
foobiad,BLENNOFOOBIA – HIRM LIMA EES
foobiad,"BOGÜFOOBIA – HIRM TONTIDE, KOLLIDE JA MUUDE MÜTOLOOGILISTE KURJAMITE EES"
foobiad,BOLSHEFOOBIA – HIRM BOLSHEVIKE EES
foobiad,"BOSSOFOOBIA – HIRM ÜLEMUSTE, BOSSIDE JNE EES"
foobiad,BOTANOFOOBIA – HIRM TAIMEDE EES
foobiad,"BROMIDROFOOBIA, BROMIDROSIFOOBIA – HIRM KEHALÕHNADE (HIGI) EES"
foobiad,BRONTOFOOBIA – HIRM MÜRISTAMISE JA VÄLGU EES
foobiad,BUTONOFOOBIA – HIRM KÄRNKONNADE EES
foobiad,"DAEMONOFOOBIA, DEMONOFOOBIA – HIRM DEEMONITE EES"
foobiad,DEFEKALOESIOFOOBIA – HIRM VALUSA ROOJAMISE EES
foobiad,DEIPNOFOOBIA – HIRM LÕUNATAMISE JA LÕUNALAUAVESTLUSE EES
foobiad,DEKSTROFOOBIA – HIRM PAREMAL POOL ASUVATE ASJADE EES
foobiad,DEMENTOFOOBIA – HIRM VAIMUHAIGUSE EES
foobiad,"DEMONOFOOBIA, DAEMONOFOOBIA – HIRM DEEMONITE EES"
foobiad,DEMOFOOBIA – HIRM RAHVAHULKADE EES
foobiad,DENDROFOOBIA – HIRM PUUDE EES
foobiad,DENTOFOOBIA – HIRM HAMBAARSTIDE EES
foobiad,DERMATOFOOBIA – HIRM NAHAVIGASTUSTE EES
foobiad,"DERMATOFOOBIA, DERMATOPATOFOOBIA, DERMATOSIOFOOBIA – HIRM NAHAHAIGUSTE EES"
foobiad,DIEBETOFOOBIA – HIRM SUHKRUHAIGUSE EES
foobiad,DIDASKALEINOFOOBIA – HIRM KOOLIMINEKU EES
foobiad,DIKEFOOBIA – HIRM ÕIGUSEMÕISTMISE EES
foobiad,DINOFOOBIA – HIRM PEAPÖÖRITUSE EES
foobiad,DINOFOOBIA 2 – HIRM VEEKEERISTE EES
foobiad,DIPLOFOOBIA – HIRM TOPELTNÄGEMISE EES
foobiad,DIPSOFOOBIA – HIRM JOOMISE VÕI ALKOHOLI EES
foobiad,DISHABILIOFOOBIA – HIRM KELLEGI EES LAHTI RIIETUDA
foobiad,DOMATOFOOBIA – HIRM MAJADE VÕI MAJASOLEKU EES
foobiad,DORAFOOBIA – HIRM KARU – VÕI LOOMANAHKADE EES
foobiad,DROMOFOOBIA – HIRM TÄNAVAÜLETAMISE EES
foobiad,DÜSMORFOFOOBIA – HIRM MOONUTUSTE VÕI VÄÄRARENGUTE EES
foobiad,DÜSTÜKHIFOOBIA – HIRM ÕNNETUSTE EES
foobiad,EIKOFOOBIA – HIRM KODUSE KESKKONNA JA ÜMBRUSE EES
foobiad,EISOPTROFOOBIA – HIRM PEEGLITE JA ISEENDA PEEGLIST NÄGEMISE EES
foobiad,EKLESIOFOOBIA – HIRM KIRIKUTE EES
foobiad,EKOFOOBIA – HIRM KODU EES
foobiad,EKVINOFOOBIA – HIRM HOBUSTE EES
foobiad,ELEKTROFOOBIA – HIRM ELEKTRI EES
foobiad,ELEUTEROFOOBIA – HIRM VABADUSE EES
foobiad,ELUROFOOBIA – HIRM KASSIDE EES
foobiad,EMETOFOOBIA – HIRM OKSENDADA
foobiad,ENETOFOOBIA – HIRM NÖÖPNÕELTE EES
foobiad,ENOHLOFOOBIA – HIRM RAHVAMASSIDE EES
foobiad,"ENOSIOFOOBIA, ENISSOFOOBIA – HIRM SAATA KORDA ANDESTAMATU PATT, SAADA SÜÜDISTATUD SELLE EES"
foobiad,ENTOMOFOOBIA – HIRM PUTUKATE EES
foobiad,ENSÜKLOPEDIOFOOBIA – HIRM TEATMETEOSTE EES
foobiad,EOSOFOOBIA – HIRM KOIDU VÕI PÄEVAVALGUSE EES
foobiad,EPISTAKSIOFOOBIA – HIRM NINAVEREJOOKSU EES
foobiad,EPISTEMOFOOBIA – HIRM TEADMISTE EES
foobiad,"EREMOFOOBIA – HIRM ÜKSIOLEKU, ÜKSINDUSE EES"
foobiad,EREUTOFOOBIA – HIRM PUNASTAMISE EES
foobiad,ERGASIOFOOBIA – HIRM TÖÖTAMISE VÕI TEGEVUSE EES
foobiad,ERGASIOFOOBIA 2 – KIRURGI HIRM LÕIKUSTE EES
foobiad,ERGOFOOBIA – HIRM TÖÖ EES
foobiad,EROTOFOOBIA – HIRM KEHALISE ARMASTUSE VÕI SEKSITEEMA EES
foobiad,"ERÜTROFOOBIA, ERÜTOFOOBIA, EREUTROFOOBIA – HIRM KAS PUNASTE TULEDE – TULUKESTE, PUNASTAMISE VÕI PUNASE VÄRVI EES"
foobiad,ESTOFOOBIA – HIRM KÕIGE EESTI JA EESTLUSEGA SEONDUVAGA
foobiad,EUFOOBIA – HIRM KUULDA HÄID UUDISEID
foobiad,EUROFOOBIA – HIRM EUROLIIDU EES
foobiad,EUROTOFOOBIA – HIRM NAISSUGUELUNDITE EES
foobiad,"FAGOFOOBIA – HIRM NEELAMISE, SÖÖMISE VÕI ÄRASÖÖMISE EES"
foobiad,FALAKROFOOBIA – HIRM KIILANEMISE EES
foobiad,FALLOFOOBIA – HIRM (KÕVASTUNUD) PEENISE EES
foobiad,FARMAKOFOOBIA – HIRM RAVIMITE VÕTMISE EES
foobiad,FASMOFOOBIA – HIRM VIIRASTUSTE JA KUMMITUSTE EES
foobiad,"FEBRIFOOBIA, FIBRIFOOBIA, FIBRIOFOOBIA – HIRM PALAVIKU EES"
foobiad,FELINOFOOBIA – HIRM KASSIDE EES
foobiad,FEMINOFOOBIA – HIRM NAISTE EES
foobiad,FENGOFOOBIA – HIRM PÄEVAVALGUSE VÕI PÄIKESEPAISTE EES
foobiad,FIKSOFOOBIA – HIRM PUUDUTATUD SAADA
foobiad,FILEMAFOOBIA VÕI FILEMATOFOOBIA – HIRM SUUDLEMISE EES
foobiad,FILOFOOBIA – HIRM ARMUDA
foobiad,FILOSOFOOBIA – HIRM FILOSOOFIA EES
foobiad,FOBOFOOBIA – HIRM FOOBIATE EES
foobiad,FOTOAUGLIAFOOBIA – HIRM SILMIPIMESTAVA VALGUSE EES
foobiad,FOTOFOOBIA – HIRM VALGUSE EES
foobiad,FONOFOOBIA – HIRM KUULDA MÜRA VÕI KELLEGI (KA ENDA) HÄÄLT TELEFONIS
foobiad,"FORAFOOBIA – HIRM MUJAL-, VÄLJASOLEVA EES"
foobiad,FRANKOFOOBIA – HIRM PRANTSLASTE VÕI KÕIGE PRANTSUSEPÄRASE EES
foobiad,FRIGOFOOBIA – HIRM KÜLMATUNDE JA KÜLMADE ASJADE EES
foobiad,FRONEMOFOOBIA – HIRM MÕTLEMISE EES
foobiad,FTIRIOFOOBIA – HIRM TÄIDE EES
foobiad,FTISIOFOOBIA – HIRM TUBERKULOOSI EES
foobiad,GALEOFOOBIA – HIRM KASSIDE EES
foobiad,"GALLOFOOBIA, GALIOFOOBIA – HIRM PRANTSLASTE VÕI KÕIGE PRANTSUSEPÄRASE EES"
foobiad,GAMOFOOBIA – HIRM ABIELLUDA
foobiad,GATOFOOBIA – HIRM KASSIDE EES
foobiad,"GEFÜDROFOOBIA, GEFÜROFOOBIA, GEFÜSROFOOBIA – HIRM SILDADE ÜLETAMISE EES"
foobiad,GELIOFOOBIA – HIRM NAERU VÕI NAERMISE EES
foobiad,GENIOFOOBIA – HIRM LÕUGADE EES
foobiad,GENOFOOBIA – HIRM SEKSI EES
foobiad,GENUFOOBIA – HIRM PÕLVEDE EES
foobiad,GERASKOFOOBIA – HIRM VANANEMISE EES
foobiad,GERMANOFOOBIA – HIRM SAKSLASTE JA KÕIGE SAKSAPÄRASE EES
foobiad,GERONTOFOOBIA – HIRM VANURITE VÕI VANANEMISE EES
foobiad,"GEUMAFOOBIA, GEUMOFOOBIA – HIRM (TUNDMATU) MAITSE EES"
foobiad,GLOSSOFOOBIA – HIRM AVALIKU SÕNAVÕTU VÕI SELLE KATSE EES
foobiad,GNOSIOFOOBIA – HIRM TEADMISTE EES
foobiad,GRAFOFOOBIA – HIRM (KÄSITSI)KIRJUTAMISE EES
foobiad,GÜMNOFOOBIA – HIRM ALASTIOLEKU EES
foobiad,"GÜNEFOOBIA, GÜNOFOOBIA – HIRM NAISTE EES"
foobiad,HADEFOOBIA – HIRM PÕRGU EES
foobiad,"HAFEFOOBIA, HAPTEFOOBIA – HIRM SAADA PUUDUTATUD"
foobiad,HAGIOFOOBIA – HIRM PÜHAKUTE VÕI PÜHADE ASJADE EES
foobiad,HAMRTOFOOBIA – HIRM TEHA PATTU
foobiad,HARPAKSOFOOBIA – HIRM RÖÖVITUD SAADA
foobiad,HEDONOFOOBIA – HIRM TUNDA MÕNU (NAUDINGUT)
foobiad,HELIOFOOBIA – HIRM PÄIKESE EES
foobiad,HELLENOLOGOFOOBIA – HIRM KREEKAPÄRASTE TERMINITE VÕI ÜLDSE TEADUSLIKU TERMINOLOOGIA EES
foobiad,HELMINTOFOOBIA – HIRM USSIKESTEST VÕI VAKLADEST KIHISEMISE EES
foobiad,"HEMAFOOBIA, HEMOFOOBIA, HEMATOFOOBIA – HIRM VERE EES"
foobiad,"HEREIOFOOBIA, HERESÜFOOBIA – HIRM AMETLIKU SEISUKOHTADE MITTETUNNUSTAMISE (VASTUVAIDLEMISE) VÕI RADIKAALSE KÕRVALEKALDUMISE EES"
foobiad,HERPETOFOOBIA – HIRM ROOMAJATE VÕI ROOMAVATE ASJADE EES
foobiad,HETEROFOOBIA – HIRM VASTASSUGUPOOLE EES
foobiad,HIEROFOOBIA – HIRM PREESTRITE VÕI VAIMULIKE ASJADE EES
foobiad,HIPOFOOBIA – HIRM HOBUSTE EES
foobiad,HIPOPOTOMANSTROSESKVIPEDALIOFOOBIA – HIRM PIKKADE SÕNADE EES
foobiad,HOBOFOOBIA – HIRM HULKURITE VÕI KERJUSTE EES
foobiad,HODOFOOBIA – HIRM REISIMISE EES
foobiad,HOMIHLOFOOBIA – HIRM UDU EES
foobiad,HOMILOFOOBIA – HIRM JUTLUSTE EES
foobiad,HOMINOFOOBIA – HIRM MEESTE EES
foobiad,"HOMOFOOBIA – HIRM ÜHETAOLISUSE, MONOTOONSUSE EES"
foobiad,HOMOFOOBIA 2 – HIRM HOMOSEKSUAALSUSE VÕI HOMOSEKSUAALSEKS MUUTUMISE EES
foobiad,HOPLOFOOBIA – HIRM TULIRELVADE EES
foobiad,HORMEFOOBIA – HIRM VAPUSTUSE VÕI EHMATUSE EES
foobiad,HÜDRARGÜROFOOBIA – HIRM ELAVHÕBEDA(PREPARAATIDE) EES
foobiad,HÜDROFOOBIA – HIRM VEE VÕI MARUTAUDI EES
foobiad,HÜDROFOBOFOOBIA – HIRM MARUTAUDI EES
foobiad,"HÜALOFOOBIA, HÜELOFOOBIA – HIRM KLAASI EES"
foobiad,"HÜGROFOOBIA – HIRM VEDELIKE, NIISKUSE VÕI RÕSKUSE EES"
foobiad,HÜLOFOOBIA – HIRM MATERIALISMI EES
foobiad,HÜLEFOOBIA 2 – HIRM EPILEPSIA (LANGETÕVE) EES
foobiad,HÜLOFOOBIA – HIRM METSADE EES
foobiad,"HÜPEGIAFOOBIA, HÜPENGÜONFOOBIA – HIRM VASTUTUSE EES"
foobiad,HÜPETRIHHOFOOBIA – HIRM JUUSTE EES
foobiad,HÜPNOFOOBIA – HIRM UNE VÕI HÜPNOTISEERIMISE EES
foobiad,HÜPSIFOOBIA – HIRM KÕRGUSE VÕI KÕRGENDIKE EES
foobiad,IATROFOOBIA – HIRM ARSTI JUURDE MINEKU VÕI ARSTIDE EES ÜLDSE
foobiad,IHTÜOFOOBIA – HIRM KALADE EES
foobiad,"ILLÜNGOFOOBIA – HIRM PEAPÖÖRITUSTE EES, MIS VÕIB TEKKIDA ALLAVAATAMISEL"
foobiad,ISOFOOBIA – HIRM MÜRKIDE EES
foobiad,INSEKTOFOOBIA – HIRM PUTUKATE EES
foobiad,"ISOLOFOOBIA – HIRM SUNNITUD ÜKSINDUSE, ISOLEERITUS EES"
foobiad,ISOPTEROFOOBIA – HIRM TERMIITIDE VÕI MUUDE PUUD KAHJUSTAVATE PUTUKATE EES
foobiad,ITHÜFALLOFOOBIA – HIRM EREKTEERUNUD PEENISE NÄGEMISE VÕI OMAMISE EES; KA HIRM SELLEST MÕTELDA VÕI UNISTADA
foobiad,JAPANOFOOBIA – HIRM JAAPANLASTE VÕI MUU JAAPANIPÄRASE EES
foobiad,"JUDEOFOOBIA – HIRM JUUTIDE, JUUDIPÄRASE VÕI IISRAELI EES"
foobiad,"KAETOFOOBIA, TSAETOFOOBIA – HIRM JUUSTE EES"
foobiad,KAKOFOOBIA – HIRM INETUSE EES
foobiad,KAKORRA(FIO)FOOBIA – HIRM KAOTADA VÕI LÄBI KUKKUDA
foobiad,"KAINOFOOBIA, KAINOTOFOOBIA – HIRM UUDSUSE EES"
foobiad,KALIGÜNEFOOBIA – HIRM ILUSATE NAISTE EES
foobiad,"KANTSEROFOOBIA, KARTSINOFOOBIA – HIRM VÄHI (HAIGUSE) EES"
foobiad,KARDIOFOOBIA – HIRM SÜDAMESSE PUUTUVATE ASJADE EES
foobiad,KARNOFOOBIA – HIRM LIHA EES
foobiad,KATAGELOFOOBIA – HIRM NAERUVÄÄRNE OLLA
foobiad,KATAPEDAFOOBIA – HIRM (ALLA – VÕI ÜLES-) HÜPPAMISE EES
foobiad,KATHISOFOOBIA – HIRM ISTUDA
foobiad,KATOPTROFOOBIA – HIRM PEEGLITE EES
foobiad,"KENOFOOBIA, KENTOFOOBIA – HIRM UUTE ASJADE VÕI MÕTETE EES"
foobiad,"KENOFOOBIA 2 – HIRM TÜHJUSE, TÜHJADE KOHTADE EES"
foobiad,KERAUNOFOOBIA – HIRM KÕUEMÜRINA EES
foobiad,"KEIMAFOOBIA, KEIMATOFOOBIA, TSEIMA(TO)FOOBIA – HIRM KÜLMA EES"
foobiad,KEMOFOOBIA – HIRM KEMIKAALIDE VÕI NENDEGA TÖÖTAMISE EES
foobiad,"KEROFOOBIA, TSEROFOOBIA – HIRM LÕBUSUSE EES"
foobiad,"KINESOFOOBIA, KINETOFOOBIA – HIRM LIIKUMISE VÕI LIIGUTAMISE EES"
foobiad,"KIONOFOOBIA, TSIONOFOOBIA – HIRM LUME EES"
foobiad,KIRAPTOFOOBIA – HIRM (KÄEGA) PUUDUTUSTE EES
foobiad,KLAUSTROFOOBIA – HIRM KINNISTE JA – VÕI KITSASTE RUUMIDE EES
foobiad,"KLEISIOFOOBIA, KLEITROFOOBIA – HIRM SULETUD RUUMI LUKUSTATUD SAADA"
foobiad,KLEPTOFOOBIA – HIRM VARASTAMISE EES
foobiad,"KLIMAKOFOOBIA – HIRM TREPPIDE, NENDEST KÄIMISE EES (KUKKUMINE)"
foobiad,KLINOFOOBIA – HIRM VOODISSE MINNA
foobiad,"KLITROFOOBIA, KLEITROBOOBIA – HIRM KUHUGI SULETUD SAADA"
foobiad,KOIMETROFOOBIA – HIRM SURNUAEDADE EES
foobiad,"KOINONIFOOBIA – HIRM TUBADE, RUUMIDE EES"
foobiad,KOLEROFOOBIA – HIRM VIHA EES
foobiad,KOLEROFOOBIA 2 – HIRM KOOLERA EES
foobiad,KOLPOFOOBIA – HIRM NAISSUGUELUNDITE EES
foobiad,KONIOFOOBIA – HIRM TOLMU EES
foobiad,"KOPOFOOBIA – HIRM VÄSITAVA, FÜÜSILISE TÖÖ EES"
foobiad,KOROFOOBIA – HIRM TANTSIMISE EES
foobiad,KOSMIKOFOOBIA – HIRM KOSMOSE KUI MÕISTETAMATU EES
foobiad,"KNIDOFOOBIA – HIRM PAELTE, NÖÖRIDE EES"
foobiad,KOMETOFOOBIA – HIRM KOMEETIDE EES
foobiad,KOITOFOOBIA – HIRM SUGUÜHTE EES
foobiad,KONTRAFOOBIA – “ÄHVARDAVATE” SITUATSIOONIDE EELISTAMINE FOOBI(KU) POOLT
foobiad,KONTREKTOFOOBIA – HIRM SEKSUAALSE KURITARVITAMISE VÕI VÄÄRKOHTLEMISE EES (ANAALSUHTED)
foobiad,KOPRASTASOFOOBIA – HIRM KÕHUKINNISUSE VÕI SOOLTE UMMISTUMISE EES
foobiad,KOPROFOOBIA – HIRM VÄLJAHEIDETE EES
foobiad,KOULROFOOBIA – HIRM KLOUNIDE EES
foobiad,"KREMATOFOOBIA, KROMETOFOOBIA – HIRM RAHA EES"
foobiad,KREMNOFOOBIA – HIRM KURISTIKE JA JÄRSAKUTE EES
foobiad,KRISTALLOFOOBIA – HIRM KRISTALLI VÕI KLAASI EES
foobiad,"KROMATOFOOBIA, KROMOFOOBIA – HIRM VÄRVIDE EES"
foobiad,KRONOFOOBIA – HIRM AJA EES
foobiad,KRONOMETROFOOBIA – HIRM KELLADE EES
foobiad,"KRÜFOFOOBIA – HIRM PAKASE, JÄÄ VÕI HÄRMATISE EES"
foobiad,KSANTOFOOBIA – HIRM KOLLASE VÄRVI VÕI KOLLAST VÄRVI ASJA EES
foobiad,KSENOFOOBIA – HIRM VÕÕRASTE VÕI VÕÕRAMAALASTE EES
foobiad,KSEROFOOBIA – HIRM KUIVUSE EES
foobiad,KSÜLOFOOBIA – HIRM PUUST ESEMETE EES
foobiad,KSÜLOFOOBIA 2 – HIRM METSADE EES
foobiad,KÜBERFOOBIA – HIRM ARVUTITE JA – VÕI ARVUTITEGA TÖÖTAMISE EES
foobiad,KÜFOFOOBIA – HIRM KUMMARDUMISE EES
foobiad,"KÜMOFOOBIA – HIRM LAINETE, LAINETUSE JA LAINELISE LIIKUMISE EES"
foobiad,KÜNOFOOBIA – HIRM KOERTE VÕI MARUTAUDI EES
foobiad,"KÜPRIANOFOOBIA, KÜPRIDOFOOBIA, KÜPRIFOOBIA, KÜPRINOFOOBIA – HIRM PROSTITUUTIDE VÕI SUGUHAIGUSTE EES"
foobiad,LAHHANOFOOBIA – HIRM KÖÖGIVILJADE EES
foobiad,"LALIOFOOBIA, LALOFOOBIA – HIRM RÄÄKIDA"
foobiad,"LEPRAFOOBIA, LEPROFOOBIA – HIRM LEEPRA EES"
foobiad,LEUKOFOOBIA – HIRM VALGE VÄRVI EES
foobiad,LEVOFOOBIA – HIRM VASAKUL POOL ASUVATE ASJADE EES
foobiad,LIGÜROFOOBIA – HIRM VALJUDE HÄÄLTE EES
foobiad,"LILAPSOFOOBIA – HIRM KEERISTORMIDE (TUULISPASAD, TORNAADOD, HURRIKAANID JNE) EES"
foobiad,LIMNOFOOBIA – HIRM JÄRVEDE EES
foobiad,LINONOFOOBIA – HIRM NÖÖRIDE EES
foobiad,LITIKAFOOBIA – HIRM KOHTUPROTSESSIDE EES
foobiad,LOFOOBIA – HIRM ROOSTE EES
foobiad,LOGIOFOOBIA – HIRM SÜNNITUSE EES
foobiad,LOGISOMEHANOFOOBIA – HIRM ARVUTITE EES
foobiad,LOGOFOOBIA – HIRM SÕNADE EES
foobiad,LUIFOOBIA – HIRM SÜÜFILISE EES
foobiad,LUTRAFOOBIA – HIRM SAARMATE EES
foobiad,LÜGOFOOBIA – HIRM PIMEDUSE EES
foobiad,LÜSSOFOOBIA – HIRM MARUTAUDI VÕI HULLUKSMINEMISE EES
foobiad,MAKROFOOBIA – HIRM PIKKADE OOTAMISTE EES
foobiad,MAGEIROKOFOOBIA – HIRM SÖÖGITEGEMISE EES
foobiad,MAIEUSIOFOOBIA – HIRM SÜNNITUSE EES
foobiad,"MALAKSOFOOBIA – HIRM ARMUMÄNGUDE, SEKSI EES"
foobiad,MANIAFOOBIA – HIRM VAIMUHAIGUSE (HULLUMEELSUSE) EES
foobiad,MASTIGOFOOBIA – HIRM KARISTUSE EES
foobiad,"MEHHANOFOOBIA – HIRM MASINATE, MEHHANISMIDE EES"
foobiad,MEDOMALAKUFOOBIA – HIRM KAOTADA EREKTSIOONI
foobiad,MEDORTOFOOBIA – HIRM EREKTEERUNUD PEENISE EES
foobiad,MEGALOFOOBIA – HIRM SUURTE ASJADE EES
foobiad,MELISSOFOOBIA – HIRM MESILASTE EES
foobiad,MELANOFOOBIA – HIRM MUSTA VÄRVI EES
foobiad,MELOFOOBIA – HIRM VÕI VIHA MUUSIKA SUHTES
foobiad,MENINGITOFOOBIA – HIRM AJUHAIGUSTE EES
foobiad,MENOFOOBIA – HIRM MENSTRUATSIOONI EES
foobiad,MERINTOFOOBIA – HIRM OLLA KINNI SEOTUD
foobiad,METALLOFOOBIA – HIRM METALLIDE EES
foobiad,METATESIOFOOBIA – HIRM MUUTUSTE EES
foobiad,METEOROFOOBIA – HIRM METEOORIDE EES
foobiad,METÜFOOBIA – HIRM ALKOHOLI EES
foobiad,METROFOOBIA – HIRM VÕI VIHA POEESIA SUHTES
foobiad,MIKROBIOFOOBIA – HIRM MIKROOBIDE EES
foobiad,MIKROFOOBIA – HIRM VÄIKESTE ASJADE EES
foobiad,MISOFOOBIA – HIRM SAADA NAKATATUD “HAIGUSIDUDEST”
foobiad,MNEMOFOOBIA – HIRM MÄLESTUSTE EES
foobiad,"MOLÜSMOFOOBIA, MOLÜSOFOOBIA – HIRM SAASTA VÕI REOSTUSE EES"
foobiad,MONOFOOBIA – HIRM ÜKSILDASE KOHA VÕI ÜKSIOLEKU EES
foobiad,MONOPATOFOOBIA – HIRM ÜHE KINDLA TÕVE EES
foobiad,MOTORFOOBIA – HIRM AUTODE EES
foobiad,MOTTEFOOBIA – HIRM KOIDE EES
foobiad,"MUROFOOBIA, MUSOFOOBIA – HIRM HIIRTE EES"
foobiad,MÜKOFOOBIA – HIRM VÕI VASTUMEELSUS SEENTE SUHTES
foobiad,MÜKSOFOOBIA – HIRM LIMA EES
foobiad,MÜKTOFOOBIA – HIRM PIMEDUSE EES
foobiad,MÜRMEKOFOOBIA – HIRM SIPELGATE EES
foobiad,MÜSOFOOBIA – HIRM HAIGUSIDUDE VÕI SAASTAGA NAKATUMISE EES
foobiad,"MÜTOFOOBIA – HIRM MÜÜTIDE, LEGENDIDE VÕI RAHVAJUTTUDE EES"
foobiad,NEBULAFOOBIA – HIRM UDU EES
foobiad,"NEKROFOOBIA – HIRM SURMA VÕI SURNUTE, LAIPADE EES"
foobiad,NELOFOOBIA – HIRM KLAASI EES
foobiad,NEOFOOBIA – HIRM IGASUGUSE UUE ASJA EES
foobiad,NEFOFOOBIA – HIRM PILVEDE EES
foobiad,NOKTIFOOBIA – HIRM ÖÖ EES
foobiad,NOMATOFOOBIA – HIRM NIMEDE EES
foobiad,NOSOKOMEFOOBIA – HIRM HAIGLATE EES
foobiad,"NOSOFOOBIA, NOSEMAFOOBIA – HIRM HAIGEKSJÄÄMISE EES"
foobiad,NOSTOFOOBIA – HIRM KOJU TAGASIPÖÖRDUMISE EES
foobiad,NOVERKAFOOBIA – HIRM VÕÕRASEMA EES
foobiad,NUDOFOOBIA – HIRM ALASTUSE EES
foobiad,NUKLEOMITOFOOBIA – HIRM TUUMARELVADE JA – VÕI -JAAMADE EES
foobiad,NUMEROFOOBIA – HIRM NUMBRITE EES
foobiad,"NÜKTOHÜLOFOOBIA – HIRM PIMEDATE JA ÖISTE METSA(SALU)DE, PARKIDE JMS EES"
foobiad,NÜKTOFOOBIA – HIRM PIMEDUSE VÕI ÖÖ EES
foobiad,OBESOFOOBIA – HIRM KAALUS JUURDEVÕTMISE EES
foobiad,ODONTOFOOBIA – HIRM HAMMASTE VÕI HAMBARAVI EES
foobiad,"ODÜNEFOOBIA, ODÜNOFOOBIA – HIRM VALU EES"
foobiad,OENOFOOBIA – HIRM VEINIDE EES
foobiad,OFIDIOFOOBIA – HIRM MADUDE EES
foobiad,OFTALMOFOOBIA – HIRM KELLEGI POOLT JÕLLITATUD SAADA
foobiad,OHLOFOOBIA – HIRM (KÄRATSEVATE) RAHVAHULKADE EES
foobiad,OHHOFOOBIA – HIRM LIIKLUSVAHENDITE EES
foobiad,OIKOFOOBIA – HIRM KODUSE ÜMBRUSE VÕI KODU EES
foobiad,OKTOFOOBIA – HIRM NUMBER 8 EES
foobiad,OLFAKTOFOOBIA – HIRM LÕHNADE EES
foobiad,OMBROFOOBIA – HIRM VIHMA VÕI VIHMA KÄTTE JÄÄMISE EES
foobiad,"OMMATOFOOBIA, OMMETAFOOBIA – HIRM SILMADE EES"
foobiad,ONEIROFOOBIA – HIRM UNENÄGUDE EES
foobiad,ONEIROGMOFOOBIA – HIRM “VOODIT MÄRJATA”
foobiad,ONOMATOFOOBIA – HIRM KUULDA KINDLAT SÕNA VÕI NIMESID
foobiad,OPTOFOOBIA – HIRM AVADA SILMI
foobiad,ORNITOFOOBIA – HIRM LINDUDE EES
foobiad,ORTOFOOBIA – HIRM OMANDI EES
foobiad,"OSFRESIOFOOBIA, OSMOFOOBIA – HIRM (EBAMEELDIVATE) LÕHNADE EES"
foobiad,OSTRAKONOFOOBIA – HIRM KARPLOOMADE EES
foobiad,PAGOFOOBIA – HIRM JÄÄ VÕI PAKASE EES
foobiad,"PANTOFOOBIA, PATOFOOBIA – HIRM KANNATAMISE JA HAIGUSTE EES"
foobiad,"PANOFOOBIA, PANTOFOOBIA – HIRM KÕIGE EES"
foobiad,PAPAFOOBIA – HIRM PAAVSTI EES
foobiad,PAPÜROFOOBIA – HIRM PABERI EES
foobiad,PARAFOOBIA – HIRM SEKSUAALPERVERSSUSTE EES
foobiad,PARALIPOFOOBIA – HIRM VASTUTUSE VÕI TEENISTUSKOHUSTUSTE MITTETÄITMISE EES
foobiad,PARASITOFOOBIA – HIRM PARASIITIDE EES
foobiad,PARASKAVEDEKATRIAFOOBIA – HIRM 13. KUUPÄEVA REEDE EES
foobiad,PARTENOFOOBIA – HIRM NOORTE JA – VÕI SÜÜTUTE TÜDRUKUTE EES
foobiad,"PATOFOOBIA, PANTOFOOBIA – HIRM HAIGUSTE EES"
foobiad,PATROIOFOOBIA – HIRM PÄRILIKKUSE EES
foobiad,PARTURIFOOBIA – HIRM SÜNNITAMISE EES
foobiad,PEDIKULOFOOBIA – HIRM TÄIDE EES
foobiad,PEDIOFOOBIA – HIRM NUKKUDE EES
foobiad,PEDOFOOBIA – HIRM LASTE EES
foobiad,PEKATOFOOBIA – HIRM PATUSTAMISE (KUJUTELDAVA KURITEO) EES
foobiad,PELADOFOOBIA – HIRM KIILASPEADE EES
foobiad,PELLAGROFOOBIA – HIRM PELLAGRA (KARENAHKSUSE) EES
foobiad,"PENIAFOOBIA – HIRM VAESUSE, VILETSUSE EES"
foobiad,PENTERAFOOBIA – HIRM ÄMMA EES
foobiad,PLASOFOOBIA – HIRM HAUAKIVIDE EES
foobiad,PLUTOFOOBIA – HIRM RIKKUSE EES
foobiad,PLUVIOFOOBIA – HIRM VIHMA VÕI VIHMA KÄTTE JÄÄMISE EES
foobiad,PNEUMATIFOOBIA – HIRM TUJUTSEMISE VÕI VAIMUKUSTE EES
foobiad,"PNEUMATOFOOBIA – HIRM ÕHUVOOLU, – SURVE, KA KERGE TUULEHOO EES"
foobiad,"PNIGOFOOBIA, PNIGEROFOOBIA – HIRM KÄGISTAMISE VÕI LÄMMATAMISE EES"
foobiad,POGONOFOOBIA – HIRM HABEMETE EES
foobiad,POINEFOOBIA – HIRM KARISTAMISE EES
foobiad,POKRESKOFOOBIA – HIRM KAALUS JUURDE VÕTTA
foobiad,POLIOSOFOOBIA – HIRM LASTEHALVATUSSE HAIGESTUMISE EES
foobiad,POLITIKOFOOBIA – HIRM VÕI ARUSAAMATU VASTUMEELSUS POLIITIKUTE SUHTES
foobiad,"POLÜFOOBIA – HIRM ASJADE PALJUSUSE, SUURTE KOGUSTE (PALJUDE ASJADE) EES"
foobiad,PONOFOOBIA – HIRM ÜLETÖÖTAMISE VÕI VALU EES
foobiad,PORFÜROFOOBIA – HIRM PURPURSE VÄRVI EES
foobiad,POTAMOFOOBIA – HIRM JÕGEDE VÕI VOOLAVA VEE EES
foobiad,POTOFOOBIA – HIRM ALKOHOOLSETE JOOKIDE EES
foobiad,PROKTOFOOBIA – HIRM PÄRASOOLDE PUUTUVAS
foobiad,PROSOFOOBIA – HIRM PROGRESSI EES
foobiad,PSELLISMOFOOBIA – HIRM KOKUTAMISE EES
foobiad,"PSÜHHOFOOBIA – HIRM OMA HINGE, HINGELAADI EES"
foobiad,PSÜHROFOOBIA – HIRM KÜLMA EES
foobiad,PTEROMERHANOFOOBIA – HIRM LENDAMISE EES
foobiad,PTERONOFOOBIA – HIRM SULGEDEGA KÕDITAMISE EES
foobiad,PUPAFOOBIA – HIRM HÜPIKNUKKUDE (MARIONETTIDE) EES
foobiad,PÜREKSIOFOOBIA – HIRM PALAVIKU EES
foobiad,PÜROFOOBIA – HIRM TULE EES
foobiad,"RABDOFOOBIA – HIRM KARMI KARISTUSE, (VITSTEGA) PEKSMISE EES"
foobiad,RABDOFOOBIA 2 – HIRM KARMI KRIITIKA EES
foobiad,RABDOFOOBIA 3 – HIRM MAAGIA JA “VÕLUKEPIKESTE” EES
foobiad,"RADIOFOOBIA – HIRM RADIATSIOONI, GAMMAKIIRGUSE EES"
foobiad,RANIDAFOOBIA – HIRM KONNADE EES
foobiad,REKTOFOOBIA – HIRM PÄRASOOLEHAIGUSTE VÕI MUU PÄRASOOLDE PUUTUVA SUHTES
foobiad,"RUPOFOOBIA – HIRM MUSTUSE, SOPA JMS EES"
foobiad,RUSSOFOOBIA – HIRM VENELASTE JA MUU VENEPÄRASE EES
foobiad,RÜPOFOOBIA – HIRM ROOJAMISE EES
foobiad,RÜTIFOOBIA – HIRM KORTSUDE SAAMISE EES
foobiad,"SAMHAINOFOOBIA – HIRM HALLOWEENI, KÕIGI PÜHAKUTE ÖÖ EES"
foobiad,SARMASSOFOOBIA – HIRM ARMUMÄNGUDE EES
foobiad,SATANOFOOBIA – HIRM SAATANA EES
foobiad,SELAFOOBIA – HIRM VALGUSSÄHVATUSTE EES
foobiad,SELOFOOBIA – HIRM (ARMU)KADEDUSE EES
foobiad,SELENOFOOBIA – HIRM KUU EES
foobiad,SEMMIFOOBIA – HIRM PIMEROTTIDE EES
foobiad,SEPLOFOOBIA – HIRM KÕDU EES
foobiad,SESKVIPEDALIOFOOBIA – HIRM PIKKADE SÕNADE EES
foobiad,SEKSOFOOBIA – HIRM VASTASSUGUPOOLE EES
foobiad,SFEKSOFOOBIA – HIRM HERILASTE EES
foobiad,"SIDERODROMOFOOBIA – HIRM RONGIDE, RAUDTEE VÕI RONGISÕIDU EES"
foobiad,SIDEROFOOBIA – HIRM TEAVATÄHTEDE EES
foobiad,SINISTROFOOBIA – HIRM VASAKUL ASUVATE VÕI VASAKUKÄELISTELE MÕELDUD ASJADE EES
foobiad,SINOFOOBIA – HIRM HIINA JA HIINAPÄRASE EES
foobiad,"SITIOFOOBIA, SITOFOOBIA – HIRM TOIDU VÕI SÖÖMISE EES"
foobiad,SKAIBOFOOBIA – HIRM SÜGELISTE EES
foobiad,"SKATOFOOBIA – HIRM VÄLJAHEIDETE, EKSKREMENTIDE EES"
foobiad,"SKELEROFOOBIA – HIRM KURJATEGIJATE, MURDVARASTE EES"
foobiad,"SKIAFOOBIA, SKIOFOOBIA – HIRM VARJUDE EES"
foobiad,SKOLETSIFOOBIA – HIRM VAKLADE EES
foobiad,SKOLIONOFOOBIA – HIRM KOOLI EES
foobiad,"SKOPOFOOBIA, SKOPTOFOOBIA – HIRM OLLA NÄHTUD VÕI JÄLGITAV"
foobiad,SKOTOMAFOOBIA – HIRM NÄGEMISE KAOTAMISE EES
foobiad,SKOTOFOOBIA – HIRM PIMEDUSE EES
foobiad,SKRIPTOFOOBIA – HIRM (AVALIKULT) KIRJUTAMISE EES
foobiad,SOFOFOOBIA – HIRM ÕPPIMISE JA TEADMISTE EES
foobiad,SOKERAFOOBIA – HIRM ÄIA-ÄMMA EES
foobiad,SOMNIFOOBIA – HIRM UNE JA MAGAMISE EES
foobiad,SOTERIOFOOBIA – HIRM TEISTEST SÕLTUMISE EES
foobiad,"SOTSIAALNE FOOBIA – ÜLDNIMETUS ÜHISKONNAST, SUHTLEMISEST TULENEVATELE FOOBIATELE, ERITI HIRM SAADA HALBA HINNANGUT"
foobiad,SOTSIOFOOBIA – HIRM ÜHISKONNA VÕI INIMESTE EES ÜLDSE
foobiad,SPEKTROFOOBIA – HIRM VIIRASTUSTE VÕI KUMMITUSTE EES
foobiad,"SPERMATOFOOBIA, SPERMOFOOBIA – HIRM SPERMA, SEEMNEVEDELIKU EES"
foobiad,"STASIBASIFOOBIA, STASIFOOBIA – HIRM SEISMISE VÕI KÕNDIMISE EES"
foobiad,STAUROFOOBIA – HIRM RISTIDE VÕI KRUTSIFIKSIDE EES
foobiad,STENOFOOBIA – HIRM KITSASTE ASJADE VÕI KOHTADE EES
foobiad,"STIGIOFOOBIA, STÜGIOFOOBIA – HIRM PÕRGU EES"
foobiad,SURIOFOOBIA – HIRM HIIRTE EES
foobiad,SÜMBOLOFOOBIA – HIRM SÜMBOLISMI EES
foobiad,SÜFILOFOOBIA – HIRM SÜÜFILISE EES
foobiad,SÜMMETROFOOBIA – HIRM SÜMMEETRIA EES
foobiad,SÜNGENESOFOOBIA – HIRM SUGULASTE EES
foobiad,"TAENIOFOOBIA, TENIOFOOBIA – HIRM PAELUSSIDE EES"
foobiad,TAHHOFOOBIA – HIRM KIIRUSE EES
foobiad,"TAFEFOOBIA, TAFOFOOBIA – HIRM ELUSALT MAETUD SAADA VÕI KALMISTUTE EES"
foobiad,TALASSOFOOBIA – HIRM MERE EES
foobiad,"TANATOFOOBIA, TANTOFOOBIA – HIRM SURMA VÕI SUREMISE EES"
foobiad,TAPINOFOOBIA – HIRM OLLA NAKKUSEKANDJA
foobiad,TAS(S)OFOOBIA – HIRM ISTUDA
foobiad,"TAUROFOOBIA – HIRM HÄRGADE, PULLIDE JA SÕNNIDE EES"
foobiad,TEATROFOOBIA – HIRM TEATRITE EES
foobiad,TEHNOFOOBIA – HIRM TEHNOLOOGIATE EES
foobiad,TEKSTOFOOBIA – HIRM KINDLA KANGA VÕI TEKSTIILI EES
foobiad,TELEOFOOBIA – HIRM KINDLATE PLAANIDE EES
foobiad,TELEOFOOBIA 2 – HIRM USUTSEREMOONIATE EES
foobiad,TELEFONOFOOBIA – HIRM TELEFONIDE EES
foobiad,TEOFOOBIA – HIRM JUMALA(TE) VÕI RELIGIOONI EES
foobiad,"TEOLOGIKOFOOBIA – HIRM TEOLOOGIA, USUTEADUSE EES"
foobiad,TERATOFOOBIA – HIRM MOONUTATUD LAPSE KANDMISE VÕI SÜNNITAMISE EES
foobiad,TERATOFOOBIA 2 – HIRM KOLETISTE VÕI MOONUTATUD INIMESTE EES
foobiad,TERMOFOOBIA – HIRM KUUMUSE EES
foobiad,"TESTOFOOBIA – HIRM EKSAMITE, KATSETE, TESTIDE EES"
foobiad,"TETANOFOOBIA – HIRM (LÕUA)KRAMPIDE, KANGESTUSKRAMPTÕVE EES"
foobiad,TEUTOFOOBIA – HIRM SAKSAMAA JA SAKSAPÄRASE EES
foobiad,TOKOFOOBIA – HIRM RASEDUSE VÕI SÜNNITUSE EES
foobiad,"TOKSIFOOBIA, TOKSOFOOBIA, TOKSIKOFOOBIA – HIRM MÜRKIDE VÕI JUHUSLIKU MÜRGITUSE EES"
foobiad,TOMOFOOBIA – HIRM KIRURGILISTE OPERATSIOONIDE EES
foobiad,TONITROFOOBIA – HIRM KÕUEMÜRINA EES
foobiad,TOPOFOOBIA – HIRM KINDLA KOHA VÕI OLUKORRA EES
foobiad,TRAUMATOFOOBIA – HIRM TRAUMA VÕI VIGASTUSTE EES
foobiad,TREMOFOOBIA – HIRM VÄRISEMISE EES
foobiad,TRIHHINOFOOBIA – HIRM TRIHHINELLOOSI (KEERITUSSTÕVE) EES
foobiad,"TRIHHOFOOBIA, TRIHHOPATOFOOBIA, HÜPERTRIHHOFOOBIA – HIRM JUUSTE EES"
foobiad,TRIKOLOROFOOBIA – HIRM KOLMEVÄRVILISTE LIPPUDE EES
foobiad,TRISKAIDEKAFOOBIA – HIRM NUMBER 13 EES
foobiad,TROPOFOOBIA – HIRM LIIGUTAMISE VÕI MUUDATUSTE TEGEMISE EES
foobiad,TRÜPANOFOOBIA – HIRM SÜSTIDE EES
foobiad,"TSIBOFOOBIA, SITOFOOBIA, SITIOFOOBIA – HIRM TOIDU EES"
foobiad,TSÜKLOFOOBIA – HIRM JALGRATASTE EES
foobiad,TUBERKULOFOOBIA – HIRM TUBERKULOOSI EES
foobiad,"TÜRANNOFOOBIA – HIRM TÜRANNIDE, HIRMUVALITSEJATE EES"
foobiad,UFOFOOBIA – HIRM TUNDMATUTE LENDAVATE OBJEKTIDE EES
foobiad,URANOFOOBIA – HIRM TAEVA EES
foobiad,UROFOOBIA – HIRM URIINI VÕI URINEERIMISE EES
foobiad,VINÜLOFOOBIA – HIRM VINÜÜLPLAATIDE EES
foobiad,ZOOFOOBIA -HIRM LOOMADE EES
faktid-inimeste-kohta,"TWERKIMINE ON HEA TREENING – SEE ANNAB TUGEVA KOORMUSE NII PUUSA-, ALASELJA- KUI KÕHULIHASTELE."
faktid-inimeste-kohta,"1960NDATENI KASUTATI RASEDUSTESTINA AAFRIKA KANNUSKONNA – TEMA KEHASSE SÜSTITI NAISTERAHVA URIINI JA KUI KONNAL 12 TUNNI JOOKSUL OVULATSIOON ALGAS, TÄHENDAS SEE, ET NAINE ON RASE."
faktid-inimeste-kohta,"VALETAMISEL LEIAB ASET „PINOCCHIO EFEKT“, MIS TÄHENDAB, ET NINA JA SELLE LÄHIÜMBRUSE TEMPERATUUR TÕUSEB MÄRKIMISVÄÄRSELT."
faktid-inimeste-kohta,KÕRGE KAALIUMI SISALDUSE TÕTTU ON BANAANID TÕHUSAD POHMELLI ENNETAMISEL JA RAVIMISEL.
faktid-inimeste-kohta,"KIRSSIDES SISALDUVAD AINED KVERTSETIIN JA ELLAAGHAPE PÄRSIVAD VÄHIRAKKUDE KASVU NING KAHJUSTAVAD NENDE DNA-D, TUUES KAASA RAKKUDE HÄVINEMISE."
faktid-inimeste-kohta,KUULUS VENE POEET A. PUŠKIN PIDAS OMA ELUAJAL 29 DUELLI VIIMASE NEIST PIDAS TA OMA NAISE PÄRAST JA SAI SELLES SURMAVALT HAAVATA
faktid-inimeste-kohta,"OPIORFIIN ON INIMESE SÜLJES SISALDUV KEMIKAAL, MIS DR C. ROUGEOT JT 2010.A UURINGU ANDMETEL ON MORFIINIST 6 KORDA TUGEVAMA VALUVAIGISTAVA TOIMEGA."
faktid-inimeste-kohta,INIMENE ON VÕIMALINE TERVISLIKULT ELAMA TOITUDES AINULT KARTULITEST JA PIIMAST VÕI VÕIST. PIIM JA VÕI SISALDAVAD VITAMIINE A JA D MIDA KARTULIS EI LEIDU
faktid-inimeste-kohta,"KUI NAISELE MEELDIB KEEGI (MEES), SIIS TA RÄÄGIB TAVAPÄRASEST KÕRGEMA HÄÄLEGA"
faktid-inimeste-kohta,"LISAKS ALBIINODELE ON INIMESED KES KANNATAVAD VASTUPIDISE SÜNDROOMI, MELANISMI ALL"
faktid-inimeste-kohta,SILMA PUPILL SUURENEB KUNI 45% KUI SA VAATAD KEDA KELLE VASTU ON SUL TUNDED
faktid-inimeste-kohta,UURINGU KOHASELT ON PEALE ORGASMI KÕIGE LIHTSAM RAHVA EES ESINEDA
faktid-inimeste-kohta,INIMESED HAKKAVAD VALETAMA NELJA AASTASELT
faktid-inimeste-kohta,"34% MEESTES ON VALETANUD, ET SAADA SEKSI. SAMA ON TEINUD 10% KÜSITLETUD NAISI"
faktid-inimeste-kohta,PRUUNID SILMAD ON TEGELIKULT MELAMIINI KATTE ALL SINISED. ON OLEMAS LASEROPERATSIOONID MIS MUUDAVAD PRUUNID SILMAD SINISEKS
faktid-inimeste-kohta,"KUNAGI ARVATI, ET SPERMA SISALDAB SUUREL HULGAL MINIATUURSEID INIMESI KES PEALE EOSTAMIST KASVAVAD SUURTEKS"
faktid-inimeste-kohta,INIMESED JA KOERAD ON AINSAD OLENDID KES OTSIVAD VISUAALSED MÄRKE PARTNERI SILMADEST PARTNERIDA „SUHELDES“. KOERAD TEEVAD SEDA SAMUTI AINULT INIMESTEGA
faktid-inimeste-kohta,SA SAAKSID HAMMUSTADA OMA SÕRME OTSAST SAMA KERGELT NAGU PORGANID POOLEKS. SA EI SAA SEDA TEHA KUNA AJU KEELAB SEDA
faktid-inimeste-kohta,1976. AASTAL MÜÜS RONALD WAYNE OMA 5% OSALUSE APPLE’IS 800 DOLLARIGA. TÄNA OLEKS SEE VÄÄRT LIGIKAUDU 58 000 000 000 DOLLARIT.
faktid-inimeste-kohta,"INIMENE TOODAB OMA ELU JOOKSUL PIISAVALT SÜLGE, ET TÄITA KAKS BASSEINITÄIT"
faktid-inimeste-kohta,90% INIMESI HAKKAB ROHKEM NAERMA KUI NAD ÜRITAVAD SELGITADA MIKS NAD NAERAVAD
faktid-inimeste-kohta,ÜLEMÕTLEMINE AEGLUSTAB INIMAJU TÖÖD
faktid-inimeste-kohta,TETRIS ON NIIVÕRD POPULAARNE SEST INIMLOOMUSES ON KORRALOOMINE JA KORISTAMINE
faktid-inimeste-kohta,"ÜKSKÕIK KUI VÄGA SA KA EI ÜRITAKS, OMA UNENÄO ALGUST SA EI SUUDA MEENUTADA"
faktid-inimeste-kohta,PEERETAMINE VÕIB ALANDADA KÕRGET VERERÕHKU JA ON SEEGA TERVISELE KASULIK
faktid-inimeste-kohta,60 MINUTILINE UINAK VÕI PAKKUDA ENERGIAT KUNI KÜMNEKS TUNNIKS
faktid-inimeste-kohta,95% ÕPILASTEST ON TUNNISTANUD „PUKSIMIST“ ÕPINGUTE JOOKSUL
faktid-inimeste-kohta,LIIGA TUGEVALT AEVASTADES VÕIB MURDA OMA RIBI
faktid-inimeste-kohta,SUHKRUHAIGUST EI PÕHJUSTA MITTE LIIGNE SUHKRUTARBIMINE VAID GENEETILISED SOODUMUSED JA SENINI KINDLAKS MÄÄRAMATA ELUSTIILI FAKTORID
faktid-inimeste-kohta,SEKSIMINE AITAB LEEVENDADA KINNIST NINA JA ALANDADA PALAVIKKU
faktid-inimeste-kohta,AUSTRAALIAS ON JÕGI NIMEGA „ NEVER NEVER RIVER“
faktid-inimeste-kohta,2/3 INIMESTEST MAAILMAS EI OLE KORDAGI LUND NÄINUD
faktid-inimeste-kohta,"KOLMEL RIKKAIMAL PEREKONNAL MAAILMAS ON KOKKU ROHKEM RAHA, KUI NELJAKÜMNE-KAHEKSAL VAESEIMAL RIIGIL"
faktid-inimeste-kohta,"KAKSIKUTE PUHUL ON SUUR TÕENÄOSUS, ET ÜKS NEIST ON VASAKUKÄELINE"
faktid-inimeste-kohta,"INIMESE AJU LÕPETAB KASVAMISE, KUI ON SAAVUTANUD ELUEAKS 18 AASTAT"
faktid-inimeste-kohta,"48% NAISTEST JA 38% MEESTEST TUNNISTAVAD, ET NAD KONTROLLIVAD INIMESE TAUSTA INTERNETIS ENNE NENDEGA VÄLJA MINEMIST"
faktid-inimeste-kohta,KESKMINE INIMENE SÖÖB OMA ELU JOOKSUL UMBES 35 000 KÜPSIST
faktid-inimeste-kohta,LASTEST KES VAATAVAD TELEKAT ROHKEM KUI 3 TUNDI PÄEVAS HAKKAVAD SUUREMA TÕENÄOSUSEGA VALETAMA JA PETMA JUBA TEISES KLASSIS
faktid-inimeste-kohta,MEIE MÄLESTUSED EI OLE VÄGA USALDUSVÄÄRSED. SEDA MIDA ME MÄLETAME ON TAVALISELT MUUTNUD MEIE MÕTTED JA EMOTSIOONID SEL HETKEL
faktid-inimeste-kohta,KÕVAD HÄÄLED SEGAVAD MEIE NÄGEMIST. SELLEPÄRAST ON RASKE NÄHA KAUGELE KUI NÄITEKS KÕRVAKLAPPIDEST KOSTAB VALJULT MUUSIKA
faktid-inimeste-kohta,KESKMISELT SÖÖB INIMENE OMA ELU JOOKSUL UMBES 16 330 KILO TOITU
faktid-inimeste-kohta,"UURINGUD NÄITAVAD, ET ERITI RÕÕMSAMEELSED INIMESED KIPUVAD VAREM SUREMA"
faktid-inimeste-kohta,"MEESTEL ON PAREM SILMANÄGEMINE, SEEJUURES NAISTEL ON PAREM KUULMINE"
faktid-inimeste-kohta,IGAPÄEVASELT 15 MINUTIT TREENIDES VÕIB SU ELUIGA PIKENEDA KUNI 3 AASTAT
faktid-inimeste-kohta,UMBES 50%-IL INIMESTEST ON VÄHEMALT 1 KORD KUUS ÕUDUSUNENÄOD
faktid-inimeste-kohta,"INIMESED KES ÜRITAVAD SUITSETAMISEST LOOBUDA, ÕNNESTUVAD 2 KORDA SUUREMA TÕENÄOSUSEGA KUI NAD KÄIVAD JÕUSAALIS"
faktid-inimeste-kohta,"KUI KEEGI LAULAB SINU JUURESOLEKUL MINGIT LAULU SIIS ON 62% TÕENÄOSUS, ET SA LAULAD SEDA HILJEM SAMAL PÄEVAL"
faktid-inimeste-kohta,ME OLEME SÕBRALIKUMAD NING ROHKEM ABIVALMIS NENDELE INIMESTELE KES MEENUTAVAD MEILE ISEENNAST
faktid-inimeste-kohta,"KLEINE-LEVINI SÜNDROOM ON HÄIRE MILLE PÄRAST INIMENE MAGAB JÄRJEST NÄDALAID NING ÄRKAB AINULT SELLE JAOKS, ET SÜÜA"
faktid-inimeste-kohta,INIMESTEL KES TANTSIVAD ROHKEM ON SUUREMA TÕENÄOSUSEGA KÕRGEM ENESEHINNANG NING NAD NÄEVAD ELU POSITIIVSEMALT.
faktid-inimeste-kohta,"OSAD TEADLASED ÜTLEVAD, ET 20-MINUTLINE UINAK MÕJUB SU KEHALE MÕNEKS AJAKS SAMA MOODI NAGU 7 TUNDI MAGAMINE."
faktid-inimeste-kohta,INIMESED EI OLE NAGU PEEGLID. NAD NÄEVAD SIND TÄIESTI TEISTSUGUSENA KUI SA ENNAST NÄED
faktid-inimeste-kohta,NUTMINE PUHASTAB PISARAKANALID BAKTERITEST JA MAANDAB STRESSI. ÄRA HÄBENE NUTTA!
faktid-inimeste-kohta,40% PRUUTIDEST ABIELLUVAD OMA ESIMESE ARMASTUSEGA.
faktid-inimeste-kohta,NINA KAUDU SISSE HINGATES EI SAA RÄÄKIDA.
faktid-inimeste-kohta,LÕUNAUINAKUD PARANDAVAD MÄLU JA HOIAVAD ÄRA SÜDAMEHAIGUSI.
faktid-inimeste-kohta,KESKMISEL INIMESEL ON 3 KUNI 5 PARIMAT SÕPRA JA VIHKAB ÜHTE INIMEST OMA SÕPRUSRINGKONNAST.
faktid-inimeste-kohta,"NAISED NUTAVAD KESKMISELT 30 – 64 KORDA AASTAS, MEHED SEEVASTU KESKMISELT 6 KORDA."
faktid-inimeste-kohta,"AJUL LÄHEB UMBES 90 SEKUNDIT, ET OTSUTADA KAS INIMENE MEELDIB SULLE VÕI MITTE."
faktid-inimeste-kohta,75% INIMESE VÄLJAHEIDETEST ON VESI.
faktid-inimeste-kohta,KESKMINE MEES VEEDAB OMA ELU JOOKSUL AASTA NAISI VAHTIDES.
faktid-inimeste-kohta,KESKMINE INIMENE VAATAB OMA MOBIILI 150 KORDA PÄEVAS.
faktid-inimeste-kohta,55% INIMESTEST HAIGUTAVAD PEALE SÕNA „HAIGUTAMA“ LUGEMIST.
faktid-inimeste-kohta,INIMSÜDA LÖÖB 100 000 KORDA PÄEVAS.
faktid-inimeste-kohta,KESKMINE INIMENE VEEDAB 5 AASTAT OMA ELUST SÜÜES.
faktid-inimeste-kohta,INIMESED VEEDAVAD KESKMISELT 50% OMA AJAST UNISTADES.
faktid-inimeste-kohta,"INIMESED ELAVAD TEGELIKULT 80 MILLISEKUNDIT MINEVUKUS, SEST SEE ON AEG MIS AJUL LÄHEB INFORMATSIOONI TÖÖTLEMISEKS."
faktid-inimeste-kohta,KÕIGE KAUEM ON INIMENE OLNUD KOOMAS 37 AASTAT.
faktid-inimeste-kohta,KESKMINE INIMENE VEEDAB AASTA OMA ELUST KADUNUD ASJU OTSIDES.
faktid-inimeste-kohta,"SOOJAD VÄRVID NAGU PUNANE, KOLLANE JA ORANŽ AJAVAD SUL KÕHU TÜHJAKS."
faktid-inimeste-kohta,INIMSILM LIIGUB SEKUNDIS 50 KORDA.
faktid-inimeste-kohta,25 000 000 RAKKU SURID SELLE AJA JOOKSUL KUI SA SEDA LAUSET LUGESID.
faktid-inimeste-kohta,ENAMUS INIMESI KEERAB AUTOS MUUSIKA VAIKSEMAKS KUI NAD HAKKAVAD TAGURDAMA VÕI OTSIVAD MÕNDA MÄRKI.
faktid-inimeste-kohta,VAJADUS ARMUDA ON PRIVITIIMNE VAJADUS NAGU VAJADUS SEKSI JA SÖÖGI JÄRELE.
faktid-inimeste-kohta,KÕIGE KIIREMINI PARANEV KEHAOSA ON KEEL.
faktid-inimeste-kohta,75% INIMESTEST PESEVAD ENNAST ÜLALT ALLA.
faktid-inimeste-kohta,KESKMINE INIMENE VEEDAB 2 AASTAT OMA ELUST TELEFONIGA RÄÄKIDES.
faktid-inimeste-kohta,80% UNENÄGUDEST SISALDAVAD NEGATIIVSEID EMOTSIOONE.
faktid-inimeste-kohta,PSÜHHOLOOGILISELT EI OLE INIMESED VÕIMELISED OLEMA LIHTSALT SÕBRAD VASTASSOO ESINDAJAGA.
faktid-inimeste-kohta,KESKMISELT LÄMBUB 100 INIMEST IGA AASTA PASTAPLIIATSI TÕTTU.
faktid-inimeste-kohta,80% NAISTEST PESEB KÄSI PÄRAST TUALETTRUUMI KASUTAMIST.
faktid-inimeste-kohta,55% MEHI PESEB OMA KÄSI PÄRAST TUALETRUUMI KASUTAMIST.
faktid-inimeste-kohta,VANAD EGIPTLASED AJASID OMA KASSI LEINAMISEKS ÄRA OMA KULMUD.
faktid-inimeste-kohta,INIMESE AJU LÕPETAB KASVAMISE KUI ON SAAVUTANUD ELUEAKS 10 AASTAT.
faktid-inimeste-kohta,SEKUNDIS HÄVIB INIMKEHAS 15 MILJONIT VERERAKKU.
faktid-inimeste-kohta,INIMENE KES SUITSETAB PÄEVAS TERVE PAKI KAOTAB KESKMISEL 2 HAMMAST 10 AASTA JOOKSUL.
faktid-inimeste-kohta,KEEGI EI TEA MIKS INIMESED PUNASTAVAD.
faktid-inimeste-kohta,NAISED PILGUTAVAD SILMI KAKS KORDA ROHKEM KUI MEHED.
faktid-inimeste-kohta,KESKMINE INIMENE TEEB AASTAS UMBES 1140 TELEFONIKÕNET.
faktid-inimeste-kohta,KESKMINE INIMENE UNISTAB AASTAS UMBES 1460 KORDA.
faktid-inimeste-kohta,BLONDIDEL ON ROHKEM JUUKSEKARVU KUI BRÜNETTIDEL.
faktid-inimeste-kohta,INIMESE HAMBAD ON UMBES SAMA RASKED KUI SAMA SUURED KIVID.
faktid-inimeste-kohta,INIMENE PILGUTAB AASTAS SILMI UMBES 84 000 000 KORDA.
faktid-inimeste-kohta,INIMESE SILMAD EI KASVA KUNAGI AGA NINA JA KÕRVAD EI LÕPETA KUNAGI KASVAMIST.
faktid-inimeste-kohta,AMEERIKA ELANIKUD SÖÖVAD PÄEVAS KOKKU LIGIKAUDU 20 HEKTARIT PITSAT.
faktid-inimeste-kohta,KÕIGE ENAM KASUTATUD INIMESE NIMI MAAILMAS ON MOHAMMED.
faktid-inimeste-kohta,MEIE (INIMESED) KASUTAME VAID 10% OMA AJUDEST.
faktid-inimeste-kohta,UMBES 300 AASTAT TAGASI OLI EGIPTUSES KESKMINE ELUIGA 30 AASTAT.
faktid-inimeste-kohta,INIMESE AJU KOOSNEB 80% VEEST.
faktid-inimeste-kohta,IGAL INIMESEL ON AINULAADNE KEELEMUSTER.
faktid-inimeste-kohta,INIMESE AJU NÕUAB VEERANDI KOGU HAPNIKUST MIDA ORGANISM ELUS PÜSIMISEKS VAJAB.
faktid-inimeste-kohta,SINISED SILMAD ON VALGUSE SUHTES KÕIGE TUNDLIKUMAD. KÕIGE VÄHEM TUNDLIKUD ON PRUUNID SILMAD.
faktid-inimeste-kohta,AEVASTAMISEL VÄLJUB ÕHK INIMESE SUUST KIIRUSEGA KUNI 160 KM/H.
faktid-inimeste-kohta,PAREMASSE KOPSU MAHUB ROHKEM ÕHKU KUI VASAKUSSE.
faktid-inimeste-kohta,INIMENE NAERAB KESKMISELT 15 KORDA PÄEVAS.
faktid-inimeste-kohta,INIMESE AJUMAHT ON ÜLE NELJA TERABAIDI (SEE ON ÜLE 4000 GIGABAIDI).
faktid-inimeste-kohta,INIMENE KULUTAB ELU JOOKSUL KESKMISELT KOLM AASTAT ARMATSEMISELE.
faktid-inimeste-kohta,INIMESE PÖIAL ON SAMA PIKK KUI TEMA NINA.
faktid-inimeste-kohta,IGA INIMENE ON VEETNUD POOL TUNDI RAKUNA.
faktid-inimeste-kohta,IGAL AASTAL ASENDUB 98% SINU KEHAS OLEVATEST AATOMITEST.
faktid-inimeste-kohta,INIMKÕNE KUULDAVALE TOOMISEKS ON VAJA 72 LIHASE KOOSTÖÖD.
faktid-inimeste-kohta,INIMESEL ON KESKMISELT 100 000 JUUKSEKARVA (LOE ÄRA!)
faktid-inimeste-kohta,"KESKMINE INIMKEHA SISALDAB PIISAVALT RAUDA 7,5-SENTIMEETRISE NAELA VALMISTAMISEKS."
faktid-inimeste-kohta,KESKMINE INIMKEHA SISALDAB PIISAVALT SÜTT 900 PLIIATSIO VALMISTAMISEKS.
faktid-inimeste-kohta,KESKMINE INIMKEHA SISALDAB PIISAVALT RASVA SEITSME SEEBI VALMISTAMISEKS.
faktid-inimeste-kohta,KESKMINE INIMEKEHA SISALDAB PIISAVALT FOSFORIT 2200 TIKU VALMISTAMISEKS.
faktid-inimeste-kohta,KESKMINE INIMKEHA SISALDAB PIISAVALT VETT NELJALIITRISE ANUMA TÄITMISEKS.
faktid-inimeste-kohta,AINULT ÜKS INIMENE KAHEST MILJARDIST ELAB 116-AASTASEKS VÕI VANEMAKS.
faktid-inimeste-kohta,KESKMINE TUHASTATUD INIMENE KAALUB PISUT ÜLE 4KG.
faktid-inimeste-kohta,LEVINUM NIMI ITAALIAS ON MARIO ROSSI.
faktid-inimeste-kohta,INIMESE JALAD ON PISUT ERINEVA PIKKUSEGA.
faktid-inimeste-kohta,SINIVAALA KEEL ON AUTOST SUUREM.
faktid-inimeste-kohta,KUI VÕTTA ARVESSE INIMESE JA HOBUSE KAALU ON INIMENE TUNDUVALT TUGEVAM.
faktid-inimeste-kohta,LIHASED ANNAVAD POOLE SU KEHAKAALUST.
faktid-inimeste-kohta,"HAMBAD ON INIMESED AINSAD KEHAOSAD, MIS EI SUUDA END ISE PARANDADA."
faktid-inimeste-kohta,KESKMINE INIMENE ASTUB PÄEVAS 9000 SAMMU.
faktid-inimeste-kohta,SINU RIBID LIIGUVAD LIGI 5 MILJONIT KORDA AASTAS KUI SA HINGAD.
faktid-inimeste-kohta,INTELLIGENTSETEL INIMESTEL LEIDUB JUUSTES ROHKEM TSINKI JA VASKE KUI VÄHEM INTELLIGENTSETEL.
faktid-inimeste-kohta,KESKMISEL INIMESEL ON ÜLE 1460 UNENÖO AASTAS.
faktid-inimeste-kohta,ENAMUS TOLMUOSAKESED SINU KODUS ON TEGELIKKUSES SINU ENDA SURNUD NAHK.
faktid-inimeste-kohta,ÜLE MAAILMA AETAKSE IGAPÄEVASELT 12 VASTSÜNDINUT JA NENDE EMAD SEGAMINI.
faktid-inimeste-kohta,"IGAL HETKEL ON KESKMISELT 0,7% MAAILMA POPULATSIOONIST PURJUS."
faktid-inimeste-kohta,INIMESTE POPULATSIOON KASVAB UMBES 100 MILJONI VÕRRA IGA AASTA.
faktid-inimeste-kohta,UMBES 950 MILJONIT INIMEST ELAVAD ALATOIDETUNA.
faktid-inimeste-kohta,VANANEDES MUUTUB INIMESE SILMAVÄRV HELEDAMAKS.
faktid-inimeste-kohta,"KÕIGE KAUEM ELAVAD INIMKEHAS AJURAHUD, MIS VÕIVAD ELADA SAMA KAUA KUI INIMENE ISE."
faktid-inimeste-kohta,INIMESE NAHAL ON ROHKEM ELUS ORGANISME KUI INIMESI MAAILMAS KOKKU.
faktid-inimeste-kohta,"IMIK SÜNNIB ILMA PÕLVEKAPSLITETA, NEED ILMUVAD VANUSES 2-6 AASTAT."
faktid-inimeste-kohta,SÕRMEKÜÜNED KASVAVAD UMBES NELI KORDA KIIREMINI KUI VARBAKÜÜNED.
faktid-inimeste-kohta,SINU SÜDA LÖÖB ROHKEM KUI 100 000 KORDA PÄEVA JOOKSUL.
faktid-inimeste-kohta,"INIMESE SÜDA SUUDAB TEKITADA PIISAVA RÕHU, ET VERI 30 JALA KAUGUSELE PURSATA."
faktid-inimeste-kohta,INIMESE JALAD HIGISTAVAD POOL LIITRIT VEDELIKKU PÄEVAS.
faktid-inimeste-kohta,"INIMENE EI TUNNE TOIDU MAITSET KUI TOIT EI OLE SEGUNENUD SÜLJEGA. NÄITEKS KUI SOOL ASETADA KUIVALE KEELELE, SIIS MAITSENÄSAD SELLE MAITSET EI TUNNE. KUI LISADA TILK SÜLGE, SIIS ILMNEB MAITSE."
faktid-inimeste-kohta,INIMESED ON AINSAD PRIMAADID KELLEL PUUDUB PIGMENT PEOPESADES.
faktid-inimeste-kohta,"INIMAJU TOODAB IGAPÄEV 12000 KUNI 50000 MÕTET, SÕLTUVALT KUI SUUR MÕTLEJA INIMENE ON."
faktid-inimeste-kohta,ABIVALMID INIMESED ON MÄRKSA ÕNNELIKUMAD JA NEIL ON VÄIKSEM OHT LANGEDA DEPRESSIOONI.
faktid-inimeste-kohta,RASSISM JA HOMOFOOBIA ON ÜLDISELT SEOSES MADALA IQ’GA.
faktid-inimeste-kohta,"UNENÄGUDES ILMNEVAD INIMESE PEIDETUD VÕI ALLA SURUTUD TUNDED, SEST UNENÄOD ON PEEGELDUS MEIE ALATEADVUSES TOIMUVALE."
faktid-inimeste-kohta,KESKMISELT MÖÖDUB INIMENE PÄEVAS SEITSMEST PSÜHHOPAADIST.
faktid-inimeste-kohta,"KUI INIMSILM OLEKS DIGITAALNE KAAMERA, SIIS SELLEL OLEKS 576 MEGAPIKSLIT."
faktid-inimeste-kohta,INIMESTEL KES MÄNGIVAD VIDEOMÄNGE ON PAREMAD EELDUSED NÄHA “KONTROLLITAVAID UNENÄGUSID”.
faktid-inimeste-kohta,"INIMESED KES HOOLIVAD TEINETEISEST VAIDLEVAD REGULAARSELT. KUI VAIDLUSI EI TEKI, SII EI HOOLITA KA TEINETEISEST TÕELISELT."
faktid-inimeste-kohta,KÕRGEMA IQ’GA INIMESTEL ON SUUREM TÕENÄOSUS KANNATADA DEPRESSIOONI ALL.
faktid-inimeste-kohta,NELJA AASTANE LAPS KÜSIB KESKMISELT 400 KÜSIMUST PÄEVAS.
faktid-inimeste-kohta,INIMESED KELLEL ON SUUR ALLKIRI ON ÜLDJOONTES KA KÕRGEMA ENESEHINNANGUGA.
faktid-inimeste-kohta,"LAPSED KES MANGIVAD VIDEOMÄNGE OMAVAD PAREMAID PROBLEEMIDE LAHENDAMISE OSKUSI, PAREMAT MÄLU NING PAREMAT KÄSTI-SILM KORDINATSIOONI."
faktid-inimeste-kohta,AINULT 2% KOGU MAAILMA POPULATSIOONIST ON LOOMULIKUD PUNAPEAD.
faktid-inimeste-kohta,ÕNNETUTEL INIMESTEL ON SUUREM TAHE KAASLASI MOTIVEERIDA JA RÕÕMUSTADA KUI ÕNNELIKEL INIMESTEL.
faktid-inimeste-kohta,AINULT 2% KOGU MAAILMA POPULATSIOONIST ON ROHELISED SILMAD.
faktid-inimeste-kohta,UNISTAVAD INIMESED ON ÜLDISELT PAREMAD KEERUKATE PROBLEEMIDE LAHENDAJAD.
faktid-inimeste-kohta,VAESED INIMESED ON LAHKEMAD KUI RIKKAD.
faktid-inimeste-kohta,VALETADES TÕUSEB INIMESE NINA TEMPERATUUR. SEDA KUTSUTAKSE PINOCCHIO EFEKTIKS.
faktid-inimeste-kohta,1950. AASTATEL NAERSID INIMESED KESKMISELT 18 MINUTIT PÄEVAS. PRAEGUSEL AJAL ON SEE NUMBER 4-6 MINUTIT.
faktid-inimeste-kohta,"DEPRESSIIVSED INIMESED KÜLMETAVAD KERGEMINI KUI ÕNNELIKUD, ENERGILISED JA LÕDVESTUNUD INIMESED."
faktid-inimeste-kohta,KÕRGEMA IQ’GA INIMESED ON ÜLDISELT ÕHTUTI KAUEM ÜLEVAL.
faktid-inimeste-kohta,INIMESED KES KANNATAVAD KERGE VÕI KESKMISE DEPRESSIOONI ALL TÕLGENDAVAD REAALSUST KÕIGE TÄPSEMINI.
faktid-inimeste-kohta,ÜHE SAMA VALE PIDEV KUULMINE PANEB MEID SELLESSE USKUMA. SEDA KUTSUTAKSE TÕE ILLUSIOONIKS JA SEE MÕJUTAB KÕIKI INIMESI.
faktid-inimeste-kohta,TEISTE VIGADE ANDESTAMINE ON OMADUS MIS ANNAB INIMESELE KÕIGE ROHKEM ÕNNETUNNET.
faktid-inimeste-kohta,INIMESED KES EI MÕISTA SARKASMI KANNATAVAD SUUREMA TÕENÄOSUSEGA DEMENTSUSE KÄES JA KAOTAVAD AJAPIKKU ROHKEM AJU VÕIMEKUSEST.
faktid-inimeste-kohta,KESKMISELT 10 000 000 INIMESEL ON SINUGA SAMAL PÄEVAL SÜNNIPÄEV.
faktid-inimeste-kohta,VÄHEMALT KAKS SEKUNDIT OLID SA MAAILMA NOORIM INIMENE.
faktid-inimeste-kohta,ENDAGA RÄÄKIMINE TEEB SIND TARGEMAKS.
faktid-inimeste-kohta,KESKMINE INIMENE VEEDAB 3-4 AASTAT OMA ELUST WC’S.
faktid-inimeste-kohta,INIMENE EI SAA HINGE KINNI HOIDES ENESETAPPU SOORITADA
kosmos,UURINGUTE KOHASELT MAGAVAD INIMESED KÕIGE PAREMINI NOORKUU AJAL JA KÕIGE HALVEMINI TÄISKUU AJAL
kosmos,KUU DIAMEETER ON 1/4 MAA OMAST
kosmos,KUU EI OLE ÜMAR VAID OVAALSE KUJUGA NAGU MUNA
kosmos,"KUI BUZZ ALDRIN JA NEAL ARMSTRONG KUUL MAANDUSID, JÄTSID NAD VENE ASTRONAUDI JURI GAGARINI MÄLESTUSEKS SINNA MAHA ÜHE TEMA MEDALEIST"
kosmos,"KUUVARJUTUSE TÄIUSLIKKUS TULENEB JUHUSEST, ET PÄIKE ON KUUST 400 KORDA SUUREM JA 400 KORDA KAUGEMAL MAAST KUI KUU"
kosmos,"AUTOGA, 95 KILOMEETRISE TUNNIKIIRUSEGA, SÕIDAKS KUULE NATUKENE ALLA KUUE KUU"
kosmos,ORIGINAALLINDISTUSED APOLLO 11 KUUMAANDUMISEST LINDISTATI KOGEMATA ÜLE
kosmos,"KUU EEMALDUB MAAST 3,78 CM AASTAS"
kosmos,ÜKSKI INIMENE EI OLE KUUL KÄINUD VIIMASED 41 AASTAT
kosmos,"ÜKS KUU PÄEV KESTAB KESKMISELT 29,5 MAA PÄEVA"
kosmos,ENAMUS ASTRONAUTE ON KOSMOSES KUNI KAKS TOLLI PIKEMAD
kosmos,RAHVUSVAHELINE KOSMOSEJAAM ON UMBES 5 TOALISE MAJA SUURUNE. 5 TOALINE MAJA MIS LIIGUB 17 500 MPH
kosmos,1977. AASTAL VÕETI KOSMOSEST VASTU SIGNAAL MIS KESTIS 72 SEKUNDIT. SIIANI ON TEADMATA SELLE TÄHENDUS JA PÄRITOLU
kosmos,RAHVUSVAHELINE KOSMOSEJAAM ON KÕIGE KALLIM EHITIS MAAILMA AJALOOS – TEMA MAKSUMUSEKS ON UMBES 150 000 000 000 DOLLARIT
kosmos,RAHVUSVAHELISE KOSMOSEJAAMA ASTRONAUDID NÄEVAD PÄEVAS KESKMISELT 15 PÄIKESELOOJANGUT JA PÄIKESETÕUSU
kosmos,1962. AASTAL ÕHKAS USA KOSMOSES VESINIKPOMMI MIS OLI 100 KORDA VÕIMSAM KUI HIROSHIMA ÕHATUD POMM
kosmos,ÜKS SKAFANDER MAKSAB LIGI 12 000 000 DOLLARIT
kuulsused,KUULUS VENE POEET A. PUŠKIN PIDAS OMA ELUAJAL 29 DUELLI VIIMASE NEIST PIDAS TA OMA NAISE PÄRAST JA SAI SELLES SURMAVALT HAAVATA
kuulsused,USSIMÜRKI EI OLE VÕIMALIK HAAVAST VÄLJA IMEDA. SELLE ÜRITAMINE VÕID KAHJU AINULT SUURENDADA
kuulsused,AEVASTUST TAGASI HOIDES VÕIB PEAS VÕI KAELAS VERESOON LÕHKEDA NING SELLE TULEMUSEL INIMENE ISEGI SURRA
kuulsused,BIITLITELE PAKKUS KANEPIT ESIMEST KORDA BOB DYLAN
kuulsused,ADAM SANDLER TEGI OMA DEBÜÜDI NÄITLEJANA BILL GOSBY SHOWS
kuulsused,BRAD BITT VIGASTAS OMA ACHILLEUSE KÕÕLUST TROOJA FILMI FILMIDES SAMUTI NAGU ACHILLEUS MÜÜDIS
kuulsused,MAAILMAKUULUS RÄPPAR TUPAC „KÄIS“ MADONNAGA AASTA ENNE OMA SURMA
kuulsused,"BILL MURRAY, JOHN TRAVOLTA JA CHEVY CHASE ÜTLESID KÕIK FORREST GUMPI ROLLI ÜLES"
kuulsused,MONA LISAL EI OLE KULMUSID
kuulsused,KÕIK KUNINGANNA ANNE 17 LAST SURID ENNE TEDA
kuulsused,"MILA KUNIS OLI 14. AASTANE KUI TA MÄNGIS ESIMESES 70. SHOW OSAS, SEST TA VALETAS PRODUTSENTIDELE, ET TA ON 18. AASTAT VANA"
kuulsused,WILL SMITH’I TÄISNIMI ON WILLARD SMITH
kuulsused,SEGWAY LOOJA SURI ÕNNETUSES SEGWAY’GA SÕITES
kuulsused,J.K. ROWLING OLI ESIMENE KIRJANIK KES SAI RAAMATUTE KIRJUTAMISEGA MILJARDÄRIKS
kuulsused,NICOLAS CAGE OLI SEE KES INNUSTAS JOHNNY DEPPI NÄITLEMISEGA TEGELEMA HAKKAMA
kuulsused,USA PRESIDENT JIMMY CARTER UNUSTAS ÜKSKORD TUUMA LÕHKEPEADE STARDIKOODID OMA PINTSAKUTASKUSSE KUI SEE LÄKS KEEMILISSE PUHASTUSSE
kuulsused,"KUNINGAS LOUIS XIV KARTIS RELVASID NIIVÄGA, ET KEELUSTAS SÖÖGILAUAL NUGADE KASUTAMISE"
kuulsused,"POKEMONIDE LOOJA SATOSHI TAJIRI ON OMA FRANTSIISI PEALT 5,1 MILJARDIT TEENINUD"
kuulsused,JASON STATHAM OLI BRITI SUKELDUMISE OLÜMPIA MEESKONNAS JA LÕPETAS 12. KOHAL 1992. AASTAL
kuulsused,"NUTORIUS B.I.G, JAY-Z, DMX JA BUSTA RHYMES KÄISID KÕIK SAMAS KOOLIS, SAMAL AJAL"
kuulsused,"JACK DANIEL, SAMANIMELISE VISKI LOOJA VIIMASED SÕNAD OLID: „ÜKS VIIMANE DRINK, PALUN“"
kuulsused,"EMA THERESA USKUS, ET KANNATAMINE TOOB INIMESED JUMALALE LÄHEMALE JA SEEGA EI ANDNUD OMA PATSIENTIDELE VALUVAIGISTEID"
kuulsused,"JAMES EARL JONES, NÄITLEJA KES ANDIS DARTH VADERILE HÄÄLE OLI NII VEENDUNUD, ET FILMI SAADAB LÄBIKUKKUMINE, ET TA KEELDUS LUBAMAST OMA NIME ESIMESE FILMI LÕPUTIITRITESSE"
kuulsused,KUNINGAS LOUIS XIX ON KÕIGE VÄHEM VÕIMUL OLNUD KUNINGAS – TEMA VÕIM KESTIS 20 MINUTIT
kuulsused,KUI ELVIS PRESLEY OLI 11. AASTANE TAHTIS TA SAADA OMALE JAHIPÜSSI AGA SAI HOOPIS OMA ESIMESE KITARRI
kuulsused,KUI JOHN F. KENNEDY OLI SOLOMONI SAARTEL MEREHÄDAS KIRJUTAS TA KOOKOSPÄHKLI SISSE KIRJA ABIPALVEGA JA VISKAS SELLE VETTE. PÄÄSTETUNA SAI TA SAMA KOOKOSPÄHKLI TAGASI JA KASUTAS SEDA PABERIHOIDJANA OMA KONTORILAUAL
kuulsused,"TEISE MAAILMASÕJA AJAL, KUI HITLER KÜLASTAS PARIISI, LÕIKASID PRANTSLASED LIFIKAABLID LÄBI, ET HITLER PEAKS TIPPU KÕNDIMA"
kuulsused,BILL GATES ON SIIANI ANNETANUD 28 000 000 000 DOLLARIT
kuulsused,BILL GATES MAKSAB AINULT OMA MAJA PEALT IGA AASTA 1 000 000 DOLLARIT MAKSE
kuulsused,BILL GATES ON LÄBI OMA ANNETUSTE PÄÄSTNUD ARVESTUSLIKULT 6 000 000 ELU
kuulsused,"2004. AASTAL ENNUSTAS BILL GATES, ET SPAMM E-MAILIDE PROBLEEM KAOB KAHE AASTAGA."
kuulsused,BILL GATES UNISTAS SAADA MILJONÄRIKS OMA 30. ELUAASTAKS. SEE ÕNNESTUS TAL AGA ALLES 31. ELUAASTAKS
kuulsused,BILL GATESI LAPSED PÄRIVAD AINULT 10 000 000 TEMA 72 000 000 000 KOGUVÄÄRTUSEST
kuulsused,"KUI BILL GATES OLEKS RIIK, SIIS TA OLEKS 63. MAAILMA RIKKAIM RIIK"
kuulsused,"A.LINCOLNIL, WALT DISNEYL, BILL GATESIL, MARK ZUCKERBERGIL, HENRY FORDIL, THOMAS EDISONIL JA STEVE JOBSIL EI OLNUD KÕRGHARIDUST"
kuulsused,"FIDO, A.LINCOLNI KOER HUKKUS SAMUTI ATENTAADI TULEMUSENA"
kuulsused,"LINCOLN OLI ESIMENE RIIGIJUHT USA’S KES ARVAS, ET NAISED PEAKSID TOHTIMA HÄÄLETADA"
kuulsused,LINCOLNI ATENTAADI AUTOR OLI KUULUS NÄITLEJA KELLE FÄNN OLI KA LINCOLN ISE
kuulsused,"A.LINCOLN KANNATAS DEPRESSIOONI ALL JA KARTIS ENDAGA KANDA TERARIISTU HIRMUST, ET TA VÕIB ENNAST VIGASTADA"
kuulsused,LAPSENA TAHTIS HITLER PREESTRIKS HAKATA
kuulsused,HITLER OLI NOBELI PREEMIA NOMINENT 1939. AASTAL
kuulsused,HITLER PÄÄSTIS ISIKLIKULT ÜHE AUSTRIA JUUDI KES RAVIS TASUTA TEMA PEREKONDA KUI NEIL OLID MAJANDUSLIKUD RASKUSED
kuulsused,HITLER OLI TAIMETOITLANE JA KIRJUTAS SEADUSEID LOOMADE VÄÄRKOHTLEMISE VASTU VÕITLEMISEKS
kuulsused,HITLERIL OLI LAUAL HENRY FORDI PORTREE „INSPIRATSIOONIKS“
kuulsused,HITLERIL OLI AINULT ÜKS MUNAND
kuulsused,HITLER KANNATAS KROONILISE KÕHUPUHITUSE ALL JA VÕTTIS 28 ERINEVAT ROHTU SELLEGA VÕITLEMISEKS
kuulsused,HITLERI PEREKONNANIMI OLEKS OLNUD SCHICKLGRUBER KUI TA ISA EI OLEKS OMA PEREKONNANIME 1877. AASTAL VAHETANUD
kuulsused,HITLERI ESIMENE ARMASTUS OLI JUUDITAR KELLEGA TA EI RÄÄKINUD SÕNAKESTKI KUNA OLI LIIALT HÄBELIK
kuulsused,HITLER EI KÜLASTANUD ÜHTEGI KOONDUSLAAGRIT
kuulsused,HITLER UNISTAS SAADA KUNSTNIKUKS KANDIDEERIDES KAHEL KORRAL VIINI KUNSTIAKADEEMIASSE. KUMMALGI KORRAL EI VÕETUD TEDA VASTU
kuulsused,BILL GATES VAHISTATI 1975. AASTAL JUHILOATA SÕITMISE EEST
kuulsused,JOHNNY DEPP KAOTAS OMA SÜÜTUSE 13-AASTASELT (MIS TÄNAPÄEVAL EI OLE ENAM MIDAGI IMELIKKU)
kuulsused,"TIGER WOODSI AFÄÄRID LÄKSID AKTSIONÄRIDELE MAKSMA 5-12,000,000,000 DOLLARIT ÄRA JÄÄNUD VÕI LÕPETATUD SPONSORLEPINGUTE TÕTTU"
kuulsused,"EMINEMI EMA KAEBAS OMA POJA KOHTUSSE NÕUDES TALT KÜMME MILJONIT DOLLARIT. TA SAI AGA $1,600"
kuulsused,"ÜKS KORD KUI TA HILJAKS JÄI ESINEMISELE, OSTIS LADY GAGA JÄRJEKORRAS SEISNUD INIMESTELE $1,000 EEST PITSAT"
kuulsused,BOB MARLEY VIIMASED SÕNAD OLID: “MONEY CAN’T BUY LIFE”
kuulsused,ÜKS ESIMESI INIMESI KES KASUTAS SÕNA “DILDO” OLI WILLIAM SHAKESPEARE
kuulsused,ADOLF HITLER OLI OMA ELU JOOKSUL KOOS 3 NAISEGA. KÕIK KOLM ÜRITASID ENESETAPPU JA KAHEL NEIST SEE ÕNNESTUS
kuulsused,"USA-S KAEBAS ÜKS NAINE P DIDDY KOHTUSSE, NÕUDES TEMALT 1 TRILJON DOLLARIT. TA SÜÜDISTAS P DIDDYT 9/11 KORRALDAMISES"
kuulsused,"VLADIMIR PUTINI MANÖÖVRID UKRAINAS, LÄKSID MAAILMA TOP 300 RIKKAIMALE INIMESELE KOKKU MAKSMA 44 MILJARDIT DOLLARIT"
kuulsused,"KIM JONG II KULUTAS IGAL AASTAL $800,000 HENNESSY PEALE"
kuulsused,"DANIEL RADCLIFFE KANDIS 6 KUUD SAMU RIIDEID, ET AJADA NÄRVI PAPARATSOSI. KÕIKIDEL PILTIDEL OLI TA SAMASUGUNE NING NEED PILDID EI MÜÜNUD"
kuulsused,KUI ELVIS PRESLEY OLI 11. AASTANE TAHTIS TA SAADA OMALE JAHIPÜSSI AGA SAI HOOPIS OMA ESIMESE KITARRI.
kuulsused,KUNINGAS LOUIS XIX ON KÕIGE VÄHEM VÕIMUL OLNUD KUNINGAS – TEMA VÕIM KESTIS 20 MINUTIT.
kuulsused,"JAMES EARL JONES, NÄITLEJA KES ANDIS DARTH VADERILE HÄÄLE OLI NII VEENDUNUD, ET FILMI SAADAB LÄBIKUKKUMINE, ET TA KEELDUS LUBAMAST OMA NIME ESIMESE FILMI LÕPUTIITRITESSE."
kuulsused,"EMA THERESA USKUS, ET KANNATAMINE TOOB INIMESED JUMALALE LÄHEMALE JA SEEGA EI ANDNUD OMA PATSIENTIDELE VALUVAIGISTEID."
kuulsused,"JACK DANIEL, SAMANIMELISE VISKI LOOJA VIIMASED SÕNAD OLID: „ÜKS VIIMANE DRINK, PALUN“."
kuulsused,"NUTORIUS B.I.G, JAY-Z, DMX JA BUSTA RHYMES KÄISID KÕIK SAMAS KOOLIS, SAMAL AJAL."
kuulsused,JASON STATHAM OLI BRITI SUKELDUMISE OLÜMPIA MEESKONNAS JA LÕPETAS 12. KOHAL 1992. AASTAL.
kuulsused,"POKEMONIDE LOOJA SATOSHI TAJIRI ON OMA FRANTSIISI PEALT 5,1 MILJARDIT TEENINUD."
kuulsused,"KUNINGAS LOUIS XIV KARTIS RELVASID NIIVÄGA, ET KEELUSTAS SÖÖGILAUAL NUGADE KASUTAMISE."
kuulsused,USA PRESIDENT JIMMY CARTER UNUSTAS ÜKSKORD TUUMA LÕHKEPEADE STARDIKOODID OMA PINTSAKUTASKUSSE KUI SEE LÄKS KEEMILISSE PUHASTUSSE.
kuulsused,NICOLAS CAGE OLI SEE KES INNUSTAS JOHNNY DEPPI NÄITLEMISEGA TEGELEMA HAKKAMA.
kuulsused,J.K. ROWLING OLI ESIMENE KIRJANIK KES SAI RAAMATUTE KIRJUTAMISEGA MILJARDÄRIKS.
kuulsused,SEGWAY LOOJA SURI ÕNNETUSES SEGWAY’GA SÕITES.
kuulsused,WILL SMITH’I TÄISNIMI ON WILLARD SMITH.
kuulsused,"MILA KUNIS OLI 14. AASTANE KUI TA MÄNGIS ESIMESES 70. SHOW OSAS, SEST TA VALETAS PRODUTSENTIDELE, ET TA ON 18. AASTAT VANA."
kuulsused,KÕIK KUNINGANNA ANNE 17 LAST SURID ENNE TEDA.
kuulsused,MONA LISAL EI OLE KULMUSID.
kuulsused,BENJAMIN FRANKLIN KIRJUTAS ESSE PEALKIRJAGA “PEERETA UHKUSEGA” MIS PÕHINES TERVENISTI KÕHUGAASIDEL.
kuulsused,GEORGE LUCAS EI OLNUD TÄHTEDE SÕJA VIIENDA JA KUUENDA OSA PRODUTSENT.
kuulsused,"HENRY CAVILL EI OLEKS ÄÄREPEALT OSALENUD SUPERMAN’I “MAN OF STEEL” KATSETEL, SEST TA OLI LIIALT HÕIVATUD WORLD OF WARCRAFTI MÄNGIMISEGA."
kuulsused,"HITLER ANDIS KUNAGI AUMEDALI MEHELE, SEST TA PIDAS TEMA NALJA NALJAKAKS."
kuulsused,MEES KES PILDISTAS WRIGHT VENDADE ESIMEST LENDU EI OLNUD ENNE SEDA PÄEVA FOTOKAAMERAT ISEGI NÄINUD.
kuulsused,MARILYN MONROE LASI OMA NINALE TEHA ILUOPERATSIOONI ENNE KUULSAKS SAAMIST.
kuulsused,OMAR BORKAN AL GALA AETI SAUDI ARAABIAST VÄLJA KUNA TA OLI LIIALT ILUS.
kuulsused,ABRAHAM LINCOLN OLI MAADLEJA JA TA KAOTAS VAID ÜHE MATŠI KOLMESAJAST.
kuulsused,WOODY HARRELSONI ISA CHARLES HARRELSON OLI PALGAMÕRVAR KES OLI ARVATAVASTI SEOTUD KA JOHN F. KENNEDY ATENTAADIGA.
kuulsused,CHARLIE CHAPLIN VÕITIS KORD KOLMANDA KOHA CHARLIE CHAPLINI JÄLJENDAJATE VÕISTLUSEL.
kuulsused,PABLO PICASSO SAI NOORENA SOOJA ENDA MAALE PÕLETADES.
kuulsused,PRANTSUSE KUNINGAL LOUIS XIV-L OLI 40 ISIKLIKKU PARUKAMEISTRIT JA ÜLE TUHANDE PARUKA.
kuulsused,ALFRED HITCHCOCKIL PUUDUS NABA.
kuulsused,MICKEY MOUSE’I KUTSUTAKSE ITAALIAS TOPOLINOKS.
kuulsused,IGAS “SEINFIELDI” EPISOODIS ON KUSAGIL SUPERMAN.
kuulsused,LEONARDO DA VINCI VEETIS 12 AASTAT MAALIDES MONA LISA HUULI.
kuulsused,"BRUCE LEE OLI NII KIIRE, ET MÕNIKORD TULI FILMI NÄITAMISEL AEGLUSTADA."
kuulsused,"MIKI-HIIRE KÕRVAD ON ALATI SUUNATUD KÜLJELE, HOOLIMATA SELLEST MIS SUUNAS TA NÄGU ON."
kuulsused,MARK TWAIN EI LÕPETANUD ALGKOOLI.
kuulsused,MICHAEL JORDAN SAAB NIKE KÄEST IGA AASTA ROHKEM RAHA KUI KÕIK NIKE MALAISIA TEHASETÖÖLISED KOKKU.
kuulsused,JIM MORRISON OLI ESIMENE ROKKAR KES ON ARRETEERITUD ESINEMISLAVAL.
kuulsused,HITLER TEGI ESIMESE SUITSETAMISE VASTASE KAMPAANIA NATSI SAKSAMAAL.
kuulsused,HITLERI ESIMENE ARMASTUS OLI JUUDITAR.
kuulsused,NÄITLEJATAR KES MÄNGIB TALISAT “TROONIDE MÄNGUS” ON CHARLIE CHAPLINI LAPSELAPS.
kuulsused,"JOHNNY DEPP, LEONARDO DICAPRIO JA HARRISON FORD EI OLE KUNAGI OSCAREID VÕITNUD."
kuulsused,"WINSTON CHURCHILL KIRJELDAS TAKTITUNNET JÄRGNEVALT: “OSKUS KEDAGI PÕRGUSSE SAATA SELLISELT, ET NAD JÄÄVAD SEDA REISI PIKKISILMI OOTAMA”."
kuulsused,ALBERT EINSTEIN EI KANDNUD KUNAGI SOKKE.
kuulsused,2001 AASTAL ANNETAS SADDAM HUSSEIN 94 MILJONIT AMEERIKA VAESTELE.
kuulsused,MICKEY MOUSE OLI ESIMENE MITTE-INIMENE KES VÕITIS OSCARI.
kuulsused,HITLER JA STALIN ON MÕLEMAD OLNUD NOBELI RAHUPREEMIA NOMINENDID.
kuulsused,JOHN F. KENNEDY ANNETAS KOGU OMA PRESIDENDIPALGA HEATEGEVUSELE.
kuulsused,HITLERI LEMMIKFILMID OLID “KING KONG” JA “LUMIVALGUKE JA SEITSE PÖIALPOISSI”.
kuulsused,"KAHEKSAKÜMNENDATEL KULUTAS PABLO ESCOBARI KARTELL 2500 DOLLARIT KUUS KUMMIPAELTELE, ET HOIDA KOOS KOGU NENDE VALDUSES OLEVAT SULARAHA."
kuulsused,FILMI POHMAKAS STAAR KEN JEONG LÕPETAS GÜMNAASIUMI 16 AASTASELT JA SAI OMA MEDITSIINIKRAADI 24 AASTASELT.
kuulsused,RYAN GOSLINGULE PAKUTI KOHTA BACKSTREET BOYS BÄNDIS AGA TEMA OTSUSTAS HAKATA NÄITLEJAKS.
faktid-loomade-kohta,"JAAGUARIDELE MEELDIB NÄRIDA HALLUTSINOGEENSETE TAIMEDE JUURI, SEE SUURENDAB KA NENDE JAHIINSTINKTI"
faktid-loomade-kohta,"KAARNAD ON SUUTELISED JÄLJENDAMA INIMHÄÄLT NING OMANDAMA SÕNAVARA PAREMINI KUI PAPAGOID. KA OSKAVAD NAD IMITEERIDA HUNDI JA REBASE HÄÄLT, KUI SOOVIVAD NENDE ABI LOOMAKORJUSE LÕHKIREBIMISEL."
faktid-loomade-kohta,"MERIKOGERLANE ON KALALIIK, MIS INIMORGANISMI SATTUDES PÕHJUSTAB HALLUTSINATSIOONE, MIS VÕIVAD KESTA KUNI 38 TUNDI. ROOMA IMPEERIUMIS KASUTATI SEDA ÜLDLEVINUD PEOROANA."
faktid-loomade-kohta,"GEENIMUTATSIOONI TÕTTU ON 99,9% MUSTA-KOLLASE-VALGEVÖÖDILISTEST KASSIDEST EMASED JA ÜKSIKUD ISASED ON TAVALISELT STERIILSED"
faktid-loomade-kohta,"KASSI KÄPAPADJANDITEL PAIKNEVAD LÕHNANÄÄRMED, SEEGA KUI KASS KÄPPADEGA KEDAGI VÕI MIDAGI MUDIB, MÄRGISTAB TA NIIVIISI OMA TERRITOORIUMI."
faktid-loomade-kohta,"PUNANE VÄRV EI MUUDA PULLE AGRESSIIVSEKS. PULLIDEL ON DIKROMAATILINE NÄGEMINE, MIS TÄHENDAB, ET NENDE SILMADES ON AINULT KAKS VÄRVIRETSEPTORIT. PULLID SUUDAVAD ERISTADA ÜKSNES SINIST, ROHELIST JA KOLLAST. KÜLL AGA ÄRRITAVAD PULLE JÄRSUD LIIGUTUSED, SEETÕTTU MUUTUVADKI NAD KEEBIGA VEHKIVATE MATADOORIDE SUHTES AGRESSIIVSEKS."
faktid-loomade-kohta,"1960NDATEL KASUTAS CIA VENEMAA SAATKONDADE JA KREMLI SALALUUREKS KASSE, KELLE KEHASSE PAIGUTATI AKUSID, MIKROFONE JA ANTENNE. OPERATSIOONI KOODNIMEKS OLI ACOUSTIC KITTY."
faktid-loomade-kohta,"CALVIN KLEINI PARFÜÜMI “OBSESSION FOR MEN” KASUTATAKSE SUURTE KASLASTE – JAAGUARITE, LEOPARDIDE, TIIGRITE, LÕVIDE JT – LIGIMEELITAMISEKS. METSIKU ELUSLOODUSE KAITSE SELTS KINNITAB, ET PARFÜÜM PANEB KASLASED HULLUMA. BROOKFIELDI LOOMAAED KASUTAB ANTUD AROOMI KOGUNI SELLEKS, ET KASLASI KÜLASTUSAEGADEL PUURI KÕIGE NÄHTAVAMAS OSAS HOIDA."
faktid-loomade-kohta,KAELKIRJAKUD EI OLE VÕIMELISED HAIGUTAMA
faktid-loomade-kohta,DELFIINID VÄGISTAVAD KESKMISELT 14 INIMEST AASTAS AINUÜKSI AMEERIKAS
faktid-loomade-kohta,LÕVID MAGAVAD 18-20 TUNDI ÖÖPÄEVAS
faktid-loomade-kohta,HOBUSED EI OLE VÕIMELISED LÄBI SUU HINGAMA
faktid-loomade-kohta,RAISAKOTKAD ON VÕIMELISED KUNI KUUS TUNDI TIIBU LEHVITAMATA LENDAMA
faktid-loomade-kohta,KÕIGE KÕRGEMA VERERÕHUKA IMETAJAD ON KAELKIRJAKUD
faktid-loomade-kohta,LIGI 30% DALMAATISA KOERTEST ON PEAAEGU VÕI TÄIELIKULT KURDID
faktid-loomade-kohta,ELEVANID LEINAVAD OMA LAHKUNUID
faktid-loomade-kohta,"2010. AASTAL TEATASID BRITI TEADLASED, ET KANA OLI ENNE MUNA"
faktid-loomade-kohta,EMANE TARANTEL VÕIB KUNI KAKS AASTAT ILMA TOIDUTA ELADA
faktid-loomade-kohta,KASSID EI OLE VÕIMELISED TUNDMA MAGUSAT MAITSET
faktid-loomade-kohta,"FLAMINGOD KUSEVAD OMA JALGADELE, ET END JAHUTADA"
faktid-loomade-kohta,KAELKIRJAK PEAB ILMA VEETA KAUEM VASTU KUI KAAMEL
faktid-loomade-kohta,KOPRAD SUUDAVAD KUNI 45 MINUTIT HINGE KINNI HOIDA
faktid-loomade-kohta,KONNAD EI SAA AVATUD SILMADEGA NEELATA
faktid-loomade-kohta,SÜNDIDES ON DALMAATSIA KOERAD ALATI ÜLENI VALGED
faktid-loomade-kohta,TEADAOLEVALT KÕIGE KIIREMINI JOOKSNUD HOBUNE JOOKSIS 43 MIILI TUNNIS
faktid-loomade-kohta,LOOMADEL KES MUNEVAD PUUDUVAD NABAD
faktid-loomade-kohta,EGIPTLASED TREENISID PAAVIANE TEENINDAJATEKS
faktid-loomade-kohta,KOBRASTEL ON ORANŽID HAMBAD
faktid-loomade-kohta,BULLID ON VÄRVIPIMEDAD JA SEEGA ÄRRITUVAD IGA VÄRVI RIIDE PEALE KUI SELLEGA NENDE SILME EES VEHKIDA
faktid-loomade-kohta,GORILLA TEADUSLIK NIMETUS ON „GORILLA GORILLA GORILLA“
faktid-loomade-kohta,KESKMISEL KASSIL ON 24 VURRU
faktid-loomade-kohta,SIPELGAD EI SAA KÕRGELT KUKKUMISE TAGAJÄRJEL SURRA
faktid-loomade-kohta,KESKMISELT ÜKS TUHANDEST MERE KILPKONNAST JÄÄB PEALE KOORUMIST ELLU
faktid-loomade-kohta,KANA ON ÜKS VÄHESEID LOOMI MIDA SÜÜAKSE ENNE TEMA SÜNDI JA PEALE TEMA SURMA
faktid-loomade-kohta,ISANE KAELKIRJAK LEIAB JOOKSUAJAL EMASE KAELKIRJAKU TEMA URIINI LAKKUDES
faktid-loomade-kohta,"VIETNAMI VETEST ON AVASTATUD KALA, MILLEL KASVAB PEENIS PEAS"
faktid-loomade-kohta,PALDERJAN MÕJUB KASSIDELE SARNASELT NAGU KANEP JA LSD INIMESTELE
faktid-loomade-kohta,"KUI NAHKHIIR MAGADES SUREB, JÄÄB TA IKKAGI PEA ALASPIDI RIPPUMA"
faktid-loomade-kohta,ÜHE KILO MEE SAAMISEKS PEAB MESILANE KÜLASTAMA 2 MILJONIT ÕIT
faktid-loomade-kohta,"KUI KASS PILGUTAB SULLE AEGLASELT, ON SEE MÄRK KIINDUMUSEST. SEDA KUTSUTAKSE NIMEGA “KITTY KISS” (KIISU MUSI)."
faktid-loomade-kohta,KASSID KUULEVAD ULTRAHELISID
faktid-loomade-kohta,"PIT BULL TERJEREID TUNTI KUNAGI KUI “NANNY DOGS” (LAPSEHOIDJAKOER), SELLE PÄRAST KUI KAITSVAD JA LAHKED NAD LASTE VASTU OLID"
faktid-loomade-kohta,"ON OLEMAS KÄRBSELIIK MIS ON BEYONCE JÄRGI NIMETATUD, SEST SEL KÄRBSEL ON SUUR KULDNE TAGUMIK"
faktid-loomade-kohta,PINGVIINIDEL ON SILMADE KOHAL NÄÄRE MIS MUUDAB MEREVEE VÄRSKEKS VEEKS
faktid-loomade-kohta,ÜKS ŠOTIMAA AMETLIKEST RAHVUSLOOMADEST ON ÜKSSARVIK
faktid-loomade-kohta,"ROTID JA HIIRED NAERAVAD, KUI NEID KÕDITADA"
faktid-loomade-kohta,KUI JÄÄKARUD SAAVAD VIHASEKS SIIS NAD NURRUVAD NAGU KASSID
faktid-loomade-kohta,ÜHES VENEMAA LOOMAAIAS PIDI ÜKS ŠIMPANS MINEMA VÕÕRUTUSRAVILE KUNA TA SATTUS ALKOHOLIST SÕLTUVUSSE
faktid-loomade-kohta,"ROTID PALJUNEVAD NII KIIRESTI, ET 18 KUUGA OLEKS KAHEL ROTIL VÕIMALIK SAADA ÜLE MILJONI JÄRGLASE"
faktid-loomade-kohta,LOOMAARSTID ON HAKANUD ÜHA EDUKAMALT KASUTAMA MEDITSIINILIST MARIHUAANAT KOERTE JA KASSIDE RAVIMISES KUI KA NENDE VANANEMISE AEGLUSTAMISES
faktid-loomade-kohta,"PINGVIINID TEGELEVAD “PROSTITUTSIOONIGA”. ON TÄHELE PANDUD, ET EMASED PINGVIINID SEKSIVAD ISASTEGA TOIDU EEST"
faktid-loomade-kohta,LAISKLOOMAD SEKSIVAD UMBES 42 TUNDI
faktid-loomade-kohta,"KUI LINNUD HIGISTAKSID, EI OLEKS NAD VÕIMELISED LENDAMA"
faktid-loomade-kohta,PALDERJAN MÕJUB KASSIDELE SARNASELT NAGU KANEP JA LSD INIMESTELE.
faktid-loomade-kohta,"VIETNAMI VETEST ON AVASTATUD KALA, MILLEL KASVAB PEENIS PEAS."
faktid-loomade-kohta,ISANE KAELKIRJAK LEIAB JOOKSUAJAL EMASE KAELKIRJAKU TEMA URIINI LAKKUDES.
faktid-loomade-kohta,KANA ON ÜKS VÄHESEID LOOMI MIDA SÜÜAKSE ENNE TEMA SÜNDI JA PEALE TEMA SURMA.
faktid-loomade-kohta,KESKMISELT ÜKS TUHANDEST MERE KILPKONNAST JÄÄB PEALE KOORUMIST ELLU.
faktid-loomade-kohta,SIPELGAD EI SAA KÕRGELT KUKKUMISE TAGAJÄRJEL SURRA.
faktid-loomade-kohta,KESKMISEL KASSIL ON 24 VURRU.
faktid-loomade-kohta,GORILLA TEADUSLIK NIMETUS ON „GORILLA GORILLA GORILLA“.
faktid-loomade-kohta,BULLID ON VÄRVIPIMEDAD JA SEEGA ÄRRITUVAD IGA VÄRVI RIIDE PEALE KUI SELLEGA NENDE SILME EES VEHKIDA.
faktid-loomade-kohta,KOBRASTEL ON ORANŽID HAMBAD.
faktid-loomade-kohta,EGIPTLASED TREENISID PAAVIANE TEENINDAJATEKS.
faktid-loomade-kohta,LOOMADEL KES MUNEVAD PUUDUVAD NABAD.
faktid-loomade-kohta,TEADAOLEVALT KÕIGE KIIREMINI JOOKSNUD HOBUNE JOOKSIS 43 MIILI TUNNIS.
faktid-loomade-kohta,KONNAD EI SAA AVATUD SILMADEGA NEELATA.
faktid-loomade-kohta,SÜNDIDES ON DALMAATSIA KOERAD ALATI ÜLENI VALGED.
faktid-loomade-kohta,KOPRAD SUUDAVAD KUNI 45 MINUTIT HINGE KINNI HOIDA.
faktid-loomade-kohta,KAELKIRJAK PEAB ILMA VEETA KAUEM VASTU KUI KAAMEL.
faktid-loomade-kohta,"FLAMINGOD KUSEVAD OMA JALGADELE, ET END JAHUTADA."
faktid-loomade-kohta,LUIKEDEL ON AINULT ÜKS PARTNER KOGU ELU JOOKSUL. KUI ÜKS PAARILINE PEAKS SUREMA VÕIB TEINE SURRA MURTUD SÜDAME KÄTTE.
faktid-loomade-kohta,VALGE TIIGER NIMEGA KENNY ON TEADAOLEVALT ESIMENE DOWNI SÜNDROOMIGA TIIGER.
faktid-loomade-kohta,"SURNUD SIPELGAD ERITAVAD LÕHNA MIS ANNAB TEISTELE SIPELGATELE NENDE SURMAST MÄRKU. SELLE MÄRGUANDE PEALE VIIVAD TEISED SIPELGAD SURNU ETTENÄHTUD SURNUAEDA, ET VÄLTIDA BAKTERITE LEVIKUT KOLOONIAS."
faktid-loomade-kohta,GEPARDID EI OLE VÕIMELISED MÖIRGAMA. NAD SUUDAVAD KAS KRÄUNUDA VÕI NURRUDA.
faktid-loomade-kohta,AASIA HIIGEL-VAPSIK ON UMBES INIMPÖIDLA SUURUNE JA NÕELATES ERITAB LIHA LAHUSTAVAT HAPET MIS ON SIGNAALIKS TEISTELE VAPSIKUTELE RÜNDAMAKS KUNI SIHTMÄRK SUREB.
faktid-loomade-kohta,"MERIHOBU AMETLIK NIMETUS ON ODOBENUS ROSMARUS, MIS OTSETÕLKES TÄHENDAB HAMMASTEGA KÕNDIV MERIHOBUNE."
faktid-loomade-kohta,"JÄÄUSSID ON ERALDI USSIKESTE LIIK KES ELAVAD LIUSTIKEL. KUI NAD ON KÕRGEMA TEMPERATUURI KÄES KUI 40 KRAADI FAHRENHEIT, SIIS NAD SULAVAD."
faktid-loomade-kohta,INIMESED JA KOERAD ON AINSAD OLENDID KES OTSIVAD VISUAALSEID MÄRKE PARTNERI SILMADEST PARTNERIGA “SUHELDES”. KOERAD TEEVAD SEDA SAMUTI AINULT INIMESTEGA.
faktid-loomade-kohta,PAAVIANID RÖÖVIVAD HULKUVAID KUTSIKAID JA KASVATAVAD NEID “KODULOOMADENA”.
faktid-loomade-kohta,PRUSSAKAS VÕIB ELADA KUNI NÄDALA ILMA PEATA – KUNI LÕPUKS SUREB TA LIHTSALT NÄLGA.
faktid-loomade-kohta,TIGU VÕIB MAGADA KOLM AASTAT JÄRJEST.
faktid-loomade-kohta,VANAD EGIPTLASED AJASID OMA KASSI LEINAMISEKS ÄRA OMA KULMUD.
faktid-loomade-kohta,KASS EI NÄE OTSE OMA NINA ALLA.
faktid-loomade-kohta,MAOD EI HAMMUSTA VEES KUNA NAD VÕIVAD HAMMUSTAMISE KÄIGUS UPPUDA.
faktid-loomade-kohta,KULDKALAL ON MÄLUKESTVUSAEG 3 SEKUNDIT.
faktid-loomade-kohta,KUI HAI SUU ON LIIGA KAUA LAHTI VÕIB TA LÄMBUDA.
faktid-loomade-kohta,VIIMANE DODO LIND SURI AASTAL 1681.
faktid-loomade-kohta,LIBLIKAD MAITSEVAD OMA JALGADEGA.
faktid-loomade-kohta,ISASED AHVID KAOTAVAD SAMAMOODI PEALAELT JUUKSEID NAGU MEHED.
faktid-loomade-kohta,VASTUPIDISELT LAIALT LEVINUD EKSIARVAMUSELE EI HIGISTA KOERAD MITTE KEELE VAID KÄPATALDADE KAUDU.
faktid-loomade-kohta,INIMESE KEHAS ON KÜMME TRILJONIT RAKKU.
faktid-loomade-kohta,"USA ARIZONA OSARIIGIS ON KEELATUD KAAMLEID KÜTTIDA, KUIGI SEAL ELAVAD KAAMLID AINULT LOOMAAIAS."
faktid-loomade-kohta,ÄMBLIKE VERI PAISTAB LÄBI.
faktid-loomade-kohta,LINDUDEST SUUDAVAD SINIST VÄRVI NÄHA AINULT ÖÖKULLID.
faktid-loomade-kohta,BERHARDIINID EI KANNA BRÄNDITÜNNE KAELAS JA POLE SEDA KUNAGI TEINUD.
faktid-loomade-kohta,RASEDUSVASTASED TABLETID MÕJUVAD KA GORILLADELE.
faktid-loomade-kohta,KASSI PISS HIILGAB KUI SEDA LÄBI VALGUSTADA.
faktid-loomade-kohta,ENAMIK HAMSTREID PILGUTAB KORRAGA AINULT ÜHTE SILMA.
faktid-loomade-kohta,KULDKALA ON AINUKE ELUSOLEND KES SUUDAB KORRAGA NÄHA NII INFRAPUNA- KUI KA ULTRAVIOLETTVALGUST.
faktid-loomade-kohta,KAHEKSAJALA SILM ON NELINURKNE.
faktid-loomade-kohta,KÕIGE RUMALAM KOER ON AFGANISTANI HURT.
faktid-loomade-kohta,1859. AASTAL LASTI AUSTRAALIAS LAHTI 24 JÄNEST. KUUE AASTAGA ON JÄNESTE ARV KASVANUD SEAL 2 MILJONINI.
faktid-loomade-kohta,ROTT SUUDAB ILMA VEETA HAKKAMA SAADA KAAMELIST KAUEM.
faktid-loomade-kohta,SIPELGAD SIRUTAVAD END KUI NAD HOMMIKUL ÄRKAVAD.
faktid-loomade-kohta,KOTKAS ON VÕIMELINE TAPMA NOORE KITSE JA SELLEGA ÄRA LENDAMA.
faktid-loomade-kohta,KARIIBIDEL LEIDUB AUSTREID KES ON VÕIMELISED PUUDEL RONIMA.
faktid-loomade-kohta,LEHM SAAB TREPIST ÜLES AGA MITTE ALLA KÕNDIDA.
faktid-loomade-kohta,MESILASTEL KASVAVAD SILMADEL KARVAD.
faktid-loomade-kohta,KAELKIRJAK ULATAB KEELEGA OMA KÕRVASID PUHASTAMA.
faktid-loomade-kohta,"20. SAJANDI ALGUSES REOSTAS SUUR HULK HOBUSEID KEDA KASUTATI TRANSPORDIVAHENDITENA KESKKONDA OMA VÄLJAHEIDETEGA NIIVÕRD PALJU, ET AUTOSID PEETI “ROHELISEKS” ALTERNATIIVIKS."
faktid-loomade-kohta,ANIMAL PLANET ON TEINUD KAKS KORDA VÕLTS DOKUMENTAALI MERINEITSIDEST.
faktid-loomade-kohta,TEELUSIKATÄIS METT ESINDAB 12 MESILASE ELUTÖÖD.
faktid-loomade-kohta,MAAILMAS ON ROHKEM KUI 40000 ERINEVAT ÄMBLIKULIIKI.
faktid-loomade-kohta,JÄÄKARUDE KARVAD EI OLE MITTE VALGED VAID LÄBIPAISTVAD.
faktid-loomade-kohta,USA’S ON ROHKEM POLIITIKUID KUI PANDAKARUSID KOGU MAAILMAS.
faktid-loomade-kohta,"KUNI PRUSSAKAS PUUTUB KOKKU INIMESEGA, SIIS TA PÕGENEB OHUTUSSE PAIKA JA PUHASTAB ENNAST."
faktid-loomade-kohta,SKORPION ON VÕIMELINE HINGE KINNI HOIDMA KUNI KUUS PÄEVA.
faktid-loomade-kohta,"SINIVAALA “PEERUMULLID” ON PIISAVALT SUURED, ET MAHUTADA ENDASSE HOBUNE."
faktid-loomade-kohta,KASSID MAGAVAD KUNI 70% OMA ELUST.
faktid-loomade-kohta,KAHEKSAJALAL ON KOLM SÜDANT.
faktid-loomade-kohta,KODUSTATUD REBASED OTSIVAD LÄHEDUST NAGU KASSID JA KÄITUVAD NAGU KOERAD.
maailm,"VESI, ELEKTER JA GAAS ON TÜRKMENISTANI KODANIKELE 1993. AASTAST TASUTA OLNUD."
maailm,"MAAILMA KALLEIMA KOHVI KOPI LUWAKI EHK TSIIBETKOHVI TOOTMISEL MÄNGIVAD OLULIST   ROLLI KASSILAADSED KÄRPLASED – AASIA PALMITSIIBETID, KELLELE SÖÖDETAKSE KOHVIPUU   VILJU, MIS PEALE SEEDEKULGLA LÄBIMIST KOKKU KOGUTAKSE, KUIVATATAKSE, SORTEERITAKSE   JA RÖSTITAKSE. LUKSUSKOHVI KILOHIND ULATUB 700 DOLLARINI."
maailm,"MERIKOGERLANE ON KALALIIK, MIS INIMORGANISMI SATTUDES PÕHJUSTAB HALLUTSINATSIOONE, MIS VÕIVAD KESTA KUNI 38 TUNDI. ROOMA IMPEERIUMIS KASUTATI SEDA ÜLDLEVINUD PEOROANA."
maailm,"“VÄRAV PÕRGUSSE” ON TÜRKMENISTANIS ASUV LOODUSLIK GAASIVÄLI, MIS ON AASTAST 1971 JÄRJEPIDEVALT LEEGITSENUD. TULD TOIDAB MAA-ALUNE GAASIMAARDLA."
maailm,"HILLIER`I JÄRV AUSTRAALIAS ON AASTARINGI MUUTUMATULT ERKROOSAT VÄRVI. TÄPNE PÕHJUS ON TEADMATA, KUID ARVATAVASTI TEKITAB SEDA JÄRVES ELUTSEV PUNANE HALOBAKTER."
maailm,JAAPANIS KASVATATAKSE SPETSIAALSETES KLAASKASTIDES NELINURKSEID ARBUUSE. SELLISEL KASVATUSMEETODIL ON PRAKTILINE EESMÄRK – NELINURKSED ARBUUSID VÕTAVAD KÜLMKAPIS VÄHEM RUUMI NING NENDE PEALE ON VÕIMALIK MUID TOIDUAINEID LADUDA. TAOLISED ARBUUSID ON OMA ÜMMARGUSTEST LIIGIKAASLASTEST UMBES 4 KORDA KALLIMAD.
maailm,"MAAILMA EKSTREEMISEIM KÄIMLA ASUB SIBERIS, ALTAI MÄESTIKUS ÜHEL KALJUSERVAL, UMBES 2600M KÕRGUSEL MEREPINNAST. KÄIMLA EHITATI SEALSE ILMAJAAMA VIIE TÖÖTAJA TARBEKS."
maailm,"FILIPIINIDEL PAIKNEB SAAR NIMEGA LUZON, KUS ASUB JÄRV, MILLEL ASUB ÜKS SAAR. SEL SAAREL ON SAMUTI JÄRV JA SEL JÄRVEL OMAKORDA VEEL ÜKS SAAR."
maailm,"HISPAANIAS LANZAROTE SAAREL PAIKNEB RESTORAN NIMEGA EL DIABLO, MIS ON EHITATUD UINUVALE VULKAANILE. KÕIK ROAD VALMISTATAKSE MAAPÕUEST ÕHKUVAL VULKAANILISEL KUUMUSEL."
maailm,"UUS-MEREMAA GISBORNE`I LENNUVÄLJAL RISTUB HOOVÕTURADA RAUDTEERÖÖBASTEGA, MIDA ANTUD PIIRKONNA RAUDTEEFIRMA TÄNASENI AKTIIVSELT KASUTAB."
maailm,"AUSTRAALIA LINN MELBOURNE ON LÄBI AJALOO KANDNUD MITMEID NIMESID – MUUHULGAS KA BATMANIA, MAADEUURIJA JOHN BATMANI JÄRGI."
maailm,ISASE KAHEKSAJALA KOLMAS PAREM KÄSI ON KA TEMA PEENIS
maailm,PURJUS INIMESED MEELDIVAD SÄÄSKEDELE ROHKEM NING NAD HAMMUSTAVAD 2 KORDA ROHKEM PURJUS INIMESI KUI KAINED
maailm,"ÜLE 9,000,000 LOOMAOMANIKU OSTAVAD OMA LOOMALE/LOOMADELE VALENTINIPÄEVAL KINGITUSE/KINGITUSI."
maailm,PRANTSUSMAAL TARBITAKSE KÕIGE ROHKEM JUUSTU MAAILMAS
maailm,SAKSA KEEL ON AINUS KEEL MAAILMAS MIS NÕUAB NIMISÕNADE SUURE TÄHEGA ALUSTAMIST
maailm,HAWAII LIIGUB LIGIKAUDU 10CM AASTAS JAAPANI SUUNAS
maailm,"BILL CLINTON SAATIS PRESIDENDIKS OLEMISE AJAL VAID KAKS E-MAILI, MILLEST ÜKS OLI PROOVIMAKS KAS TA TALITAB ÕIGESTI"
maailm,LIECHTENSTEIN ON MAAILMA SUURIM KUNSTHAMMASTE EKSPORTIJA
maailm,"USA, BIRMA JA LIBEERIA ON AINSAD RIIGID MAAILMAS KES EI OLE AMETLIKULT AKSEPTEERINUD MEETRISÜSTEEMI MÕÕTÜHIKUNA."
maailm,ISTANBUL ON AINUS LINN MAAILMAS MIS ASETSEB KAHEL KONTINENDIL
maailm,PANAMA ON AINUS KOHT MAAILMAS KUS ON VÕIMALIK NÄHA PÄIKESETÕUSU VAIKSELT OOKEANILT JA PÄIKESELOOJANGUT ATLANDI OOKEANILT
maailm,HIINAKEEL KÕNELETAKSE MAAILMAS KÕIGE SUUREMA ARVU INIMESTE POOLT
maailm,"GIZA PÜRAMIID ON TEHTUD 2,3 MILJONIST KIVIPLOKIST"
maailm,HONG KONG ON AINUS KOHANIMI MIDA SAAB ÖELDA ILMA HUULI EGA KEELT LIIGUTAMATA
maailm,"UKRAINAS ON PORNO ILLEGAALNE, VÄLJA ARVATUD JUHUL KUI SEE ON MEDITSIINILISTEL EESMÄRKIDEL"
maailm,90% KÕIGEST INGLISEKEELSEST KIRJUTATUST KASUTAB VAID 1000 ERINEVAT SÕNA
maailm,INGLISE KEELNE SÕNA MORTGAGE (ELUASEMELAEN) TULENEB PRANTSUSE KEELEST JA TÄHENDAB SURMALEPINGUT
maailm,INGLISE KEELSE SÕNA QUEUE HÄÄLDUS JÄÄKS SAMAS KA KUI VIIMASED 4 TÄHTE EEMALDADA
maailm,89% ROOTSI ELANIKEST RÄÄGIVAD KA INGLISE KEELT.
maailm,INGLISE KEELDE LUUAKSE IGA 98 MINUTI JÄREL UUS SÕNA
maailm,80% INFORMATSIOONIST MIS ON ARVUTITESSE SALVESTATUD ON INGLISE KEELNE
maailm,1 INIMENE 7ST RÄÄGIB INGLISE KEELT
maailm,INDIA ÜHES OSARIIGIS SAAVAD POLITSEINIKUD VUNTSIDE KANDMISE EEST LISAPALKA
maailm,"MAAILMA SUURIM PEREKOND ELAB INDIAS, MEES 39 NAISE JA 94 LAPSEGA"
maailm,MUMBAIS ÜHE PÄEVA LINNAÕHU HINGAMINE ON VÕRDELINE 100 SUITSUGA
maailm,INDIA RAHA INDIAST VÄLJA VIIMINE ON EBASEADUSLIK
maailm,INDIA ON MAAILMA SUURIM DEMOKRAATLIK RIIK 1 200 000 000 ELANIKUGA
maailm,PARIISIS ON KOHVIK KUS TERE JA PALUN ÜTLEMATA JÄTMINE TÕSTAB KOHVI HINDA.
maailm,"TEISE MAAILMASÕJA AJAL, KUI HITLER KÜLASTAS PARIISI, LÕIKASID PRANTSLASED LIFIKAABLID LÄBI, ET HITLER PEAKS TIPPU KÕNDIMA"
maailm,LUIS XIX OLI PRANTSUSMAA KUNINGAIS VAID 20 MINUTIT
maailm,"1 INIMENE 5ST ON KANNATANUD DEPRESSIOONI ALL, MIS TEEB PRANTSUSMAAST MAAILMA DEPRESSIIVSEIMA RIIGI"
maailm,PRANTSUSMAAL ON VÄIKE KÜLA NIMEGA „PUSSY“
maailm,PRANTSUSMAAL ON SEADUSLIK ABIELLUDA SURNUGA
maailm,TERVE PARIISI LINNA PEALE ON AINULT ÜKS STOP MÄRK
maailm,PARIIS OLI ALGSELT ROOMA LINN NIMEGA LUTETIA
maailm,NAPOLEON EI OLNUD TEGELIKULT ERITI LÜHIKE. TA OLI KESKMISE PRANTSLASEGA ÜHTE KASVU
maailm,PRANTSUSMAA KONTROLLIS KUNAGI ROHKEM 8% KOGU MAAILMAST
maailm,PRANTSUSMAA ON MAAILMA KÜLASTATUIM RIIK – 83 000 000 INIMEST AINUÜKSI 2012. AASTAL
maailm,ESIMESED KANADA SÕDURITEST OHVRID AFGANISTAANI SÕJAS SAID SURMA AMEERIKA PILOODI HARJUTUSLENNU AJAL KUI VIIMANE TEGI POMMITAMISHARJUTUSI
maailm,KANADAS ON ROHKEM JÄRVESID KUI KOGU ÜLEJÄÄNUD MAAILMAS KOKKU
maailm,CANDY CRUSHIL ON ROHKEM IGAKUISED MÄNGIAID KUI ELANIKKE KANADAS
maailm,"CHURCHILLI LINNA ELANIKUD KANADAS JÄTAVAD OMA AUTO UKSED LUKUST LAHTI, ET PAKKUDA PEAVARJU JÄÄKARUDE EEST PÕGENEVATELE INIMESTELE"
maailm,KANADAS TARBITAKSE ROHKEM MAKARONE JA JUUSTU KUI ÜHESKI TEISES RIIGIS MAAILMAS
maailm,KANADA MADALAIM TEMPERATUUR OLI 1947. AASTAL -63 KRAADI
maailm,KANADA ON SUURUSELT TEINE RIIK MAAILMAS PEALE VENEMAAD.
maailm,PÜRAMIIDID EHITASID PALGATÖÖLISED MITTE ORJAD. ORJATÖÖLISED ON KREEKA AJALOOLISE HERODESE POOLT VÄLJA MÕELDUD MÜÜT
maailm,"CLEOPATRA, EGIPTUSE VIIMANE VAARAO, OLI TEGELIKKUSES KREEKLANE"
maailm,SUDAANIS ON ROHKEM PÜRAMIIDE KUI EGIPTUSES
maailm,EGIPTUSE PÜRAMIIDIDE EHITAJATELE MAKSTI ÕLUGA – 4 LIITRIT PÄEVAS
maailm,EGIPTUSE JA SUDAANI VAHEL ON 2060 KM2 MAAD MILLELE EI AVALDA KUMBKI RIIK SOOVI
maailm,"MAAILMA VANIM, 5000 AASTAT VANA KLEIT, LEITI EGIPTUSEST"
maailm,MITMETES IIDSETES EGIPTUSE HAUAKAMBRITES LEIDUVAD WC’D
maailm,IIDSED EGIPTLASED KUMMARDASID ÜLE 1400 ERINEVAD JUMALA JA JUMALUSE
maailm,4. – 6. SAJ OLI KRISTLUS PEAMISEKS USUNDIKS EGIPTUSES
maailm,AJALOO LÜHIM SÕDA ON KESTNUD 38 MINUTIT. ZANZIBARI JA INGLISMAA VAHEL (ZANZIBAR ALISTUS)
maailm,"TERVE MAJA POSTITAMINE ON USA-S KEELATUD PÄRAST 1916. AASTAT, KUI KEEGI SAATIS POSTIGA 40000 TONNISE TELLISKIVIMAJA"
maailm,"USA-S MICHAGANIS, ON MEES OMA NAISE JUUSTE SEADUSLIK OMANIK"
maailm,SAUDI ARAABIA NAINE SAAB OMA MEHEST LAHUTADA KUI TA MEES EI ANNA TALLE KOHVI
maailm,SÕÕRIKUD ON PÄRIT HOLLANDIST
maailm,KREEKA RAHVUSHÜMNI ORIGINAALIS ON 158 SALMI
maailm,KUNI 1977. AASTANI STERILISEERITI SIND PÕHJA-CAROLINAS KUI SINU IQ OLI 70 VÕI MADALAM
maailm,"KESKAJAL PRANTSUSMAAL OLI ÜKS KARISTUSTEST TRUUDUSETUTELE NAISTELE, ALASTI LÄBI LINNA KANA TAGA AJADA"
maailm,"“SHEMOMEDJAMO” ON SAKSA SÕNA KIRJELDAMAKS HETKE, KUI SUL ON KÕHT TÄIS AGA SA EI SUUDA SÖÖMIST LÕPETADA, SEST SEE ON MAITSEV"
maailm,KEELUSEADUSE AJAL MÜRGITAS AMEERIKA ÜHENDRIIKIDE VALITSUS ALKOHOLI NING TAPPIS SELLEGA LIGI 10 000 INIMEST
maailm,HONG KONG ON AINUS KOHANIMI MIDA SAAB ÖELDA ILMA HUULI EGA KEELT LIIGUTAMATA.
maailm,HIINAKEEL KÕNELETAKSE MAAILMAS KÕIGE SUUREMA ARVU INIMESTE POOLT.
maailm,MONACO RIIGI ORKESTER ON SUUREM KUI TEMA SÕJAVÄGI.
maailm,"GIZA PÜRAMIID ON TEHTUD 2,3 MILJONIST KIVIPLOKIST."
maailm,PANAMA ON AINUS KOHT MAAILMAS KUS ON VÕIMALIK NÄHA PÄIKESETÕUSU VAIKSELT OOKEANILT JA PÄIKESELOOJANGUT ATLANDI OOKEANILT.
maailm,"BRASIILIAS PAKUTAKSE PROSTITUUTIDELE TASUTA INGLISE KEELE TUNDE, ET NAD SAAKSID 2014. AASTA MAAILMAMEISTRIVÕISTLUSTEL TURISTIDELE PAREMAT TEENUST OSUTADA."
maailm,EQUADORIS ON KALJU VEEREL KIIK MILLEL PUUDUVAD IGASUGUSED OHUTUSABINÕUD. SEDA KUTSUTAKSE “KIIK MAAILMA LÕPUS”.
maailm,PRESIDENT LINCOLN MOODUSTAS “SECRET SERVICE’I” SAMAL PÄEVAL KUI TALLE TEHTI ATENDAAT.
maailm,INGLISMAAL ON BOTAANIKA AED MIS ON SPETSIALISEERUNUD MÜRGISTELE JA NARKOOTILISTELE TAIMEDELE.
maailm,"NORRAS MAKSAVAD NOVEMBRIS KÕIK POOLE VÕRRA VÄHEM MAKSE, ET JÕULUDEKS OLEKS ROHKEM RAHA."
maailm,"KANADAS EI OLE PROSTITUTSIOON OLNUD KUNAGI ILLEGAALNE EGA SAA KA OLEMA, SEDA KEELAB SEADUS."
maailm,EESTIS ON 1521 SAART.
maailm,EESTI TERRITOORIUM ON 45227 KM2.
maailm,NORRA RIIK LUBAB ÜKSKÕIK MILLISEST RIIGIST PÄRIT INIMESEL OMA ÜLIKOOLIDES TASUTA ÕPPIDA.
maailm,IGA AASTA VISKAVAD TURISTID ROOMAS TREVI PURSKKAEVU LIGI MILJON EUROT.
maailm,08.01.1836 OLI VIIMANE PÄEV KUI USA’L EI OLNUD RIIGIVÕLGA.
maailm,ROOTSI IMPORDIB NORRAST PRÜGI KÜTUSEKS OMA ENERGIA PROGRAMMIDELE.
maailm,"NORRAS SULETAKSE VANGLAID, SEST SEAL EI OLE PIISAVALT KURJATEGIJAID."
maailm,"KESKMINE LICHTENSTEINI KODANIK EI LUKUSTA ISEGI OMA KODU UST, SEST RIIGI KURITEGEVUS ON PEAAEGU OLEMATU. VIIMANE MÕRV TOIMUS ROHKEM KUI KÜMNE AASTA EEST."
maailm,"VANAS PÄRSIAS PEETI KÕIKI DEBATTE KAKS KORDA: KORD PURJUS JA KORD KAINENA. KUI IDEE KÕLAS HÄSTI MÕLEMAS OLEKUS, SIIS OLI SEE JÄRELIKULT HEA IDEE."
maailm,VANAS ROOMAS PURUSTATI VÄGISTANUD MEESTE MUNANDID KAHE KIVI VAHEL.
maailm,KÕIGE VÄHEM VÕIMULOLNUD PRESIDENT OLI MEHHIKO PRESIDENT 45 MINUTIT.
maailm,KUI USA ALANDAKS OMA SÕJALIST EELARVET 85% OLEKS TAL IKKA MAAILMA SUURIM SÕJALINE EELARVE.
maailm,VABADUSE SAMMAS PIDI ALGSELT MINEMA EGIPTUSESSE MITTE USA’SSE.
maailm,JAAPANIS ON EBASEADUSLIK OLLA ÜLEKAALULINE.
maailm,"EGIPTUSES EI TOHTINUD NÄITLEJAD KOHTUS TUNNISTADA, SEST NEID PEETI PROFESSIONAALSETEKS VALETAJATEKS."
maailm,"KUI SUL EI OLE ÜHTEGI VÕLGA JA 10 DOLLARIT, SIIS SA OLED JÕUKAM KUI 25% AMEERIKLASI."
maailm,"TWITTER, YOUTUBE JA FACEBOOK ON HIINAS KEELUSTATUD."
maailm,ALASKAL ON 29 VULKAANI.
maailm,MAAVÄRIN 16 DETSEMBRIL 1811 PANI MISSISSIPI JÕE TAGURPIDI LIIKUMA.
maailm,TASMAANIAS ON MAAILMA KÕIGE PUHTAM ÕHK.
maailm,MAAKERA KAALUB LIGIKAUDU 6 588 000 000 000 000 000 000 000 000 TONNI.
maailm,SAUDI ARAABIAS POLE JÕGESID.
maailm,ÜLE VEERANDI MAAILMA METSADEST ASUVAD SIBERIS.
maailm,ANTARKTIKA ON AINUS MANNER MAAILMAS KUS EI LEIDU ROOMAJAID VÕI MADUSID.
maailm,FLORIDA OSARIIK ON SUUREM KUI INGLISMAA.
faktid-meeste-kohta,KESKMINE MEES VEEDAB OMA ELU JOOKSUL AASTA NAISI VAHTIDES.
faktid-meeste-kohta,"KESKMINE NAINE NAERATAB 62 KORDA PÄEVAS, KESKMINE MEES AGA 8 KORDA."
faktid-meeste-kohta,MEHED ON EMOTSIONAALSELT ROHKEM MÕJUTATUD SUHTEPROBLEEMIDEST KUI NAISED. MEHED PEIDAVAD SEDA LIHTSALT PAREMINI.
faktid-meeste-kohta,"ON TEADUSLIKULT TÕESTATUD, ET KAUNI NAISE LÄHEDAL VIIBIDES HAKKAVAD MEHE RUMALAMALT KÄITUMA."
faktid-meeste-kohta,INTELLIGENTSED MEHED ON SEKSUAALSELT TRUUD SUUREMA TÕENÄOSUSEGA KUI VÄHEINTELLIGENTSED.
faktid-meeste-kohta,MEHED MUUDAVAD MEELT NAISTEST KAKS KUNI KOLM KORDA ROHKEM.
faktid-meeste-kohta,55% MEHI PESEB OMA KÄSI PÄRAST TUALETTRUUMI KASUTAMIST.
